Workbook

Sheet Dados_Projeto
C1: Dados Basicos do Projeto | G1: Dados do Indutor Acoplado | K1: LEGENDA
C2: Parametro | D2: Valor | E2: Unidade | G2: Modelo | H2: =Calculo_Flyback!O4 -> T106-26 | L2: Dado Manual do Usuário
C3: V microcontrolador | D3: 5 | E3: V | G3: Lm | H3: =Calculo_FlyBack_Simples!M22 -> 450000 | I3: uH | L3: Dado Calculado
C4: V in(max) | D4: 12 | E4: V | G4: Fio | H4: =Calculo_FlyBack_Simples!M27 -> 24 | I4: AWG
C5: V in rms | D5: =D4 -> 12 | E5: V | G5: Voltas N1 p/ Fio | H5: =Calculo_FlyBack_Simples!M23 -> 69 | I5: Voltas
C6: V in(min) | D6: =D4 -> 12 | E6: V | G6: Qntd Fios N1 | H6: =Calculo_FlyBack_Simples!M24 -> 1 | I6: Fios
C7: V out | D7: 5 | E7: V | G7: Qntd Fios N2 | H7: =Calculo_FlyBack_Simples!M28 -> 12.32 | I7: Fios
C8: R out | D8: 10 | E8: Ω | G8: Total Voltas | H8: =Calculo_FlyBack_Simples!M26 -> 1 | I8: Voltas
C9: L Trafo Requerido | D9: 450 | E9: uH | G9: N2/N1 | H9: =Calculo_FlyBack_Simples!M7 -> 0.17857143 | I9: Constante
C10: L Trafo Requerido | D10: =D9/1000000 -> 0.00045 | E10: H | G10: Capacitor Comercial | H10: =Calculo_FlyBack_Simples!Q29 -> 3.3e-05 | I10: Faraday
C11: N1/N2 | D11: 4.5 | E11: - | G11: Capacitor Comercial | H11: =H10*1000000 -> 33 | I11: uF
C12: N1/N2 | D12: 5.6 | E12: -
C13: Escolha o Mosfet | D13: IRF640
C14: Frequência | D14: 62.5 | E14: kH | G14: Valor Medido | H14: 1.495 | I14: mH
C15: Frequência | D15: =D14*1000 -> 62500 | E15: H | G15: Voltas | H15: 20
C16: β(SAT) | D16: 10 | G16: Nano Henry | H16: =H14*1000000 -> 1495000
C17: I min gate Drive (IC) | D17: 1 | E17: mA | G17: Al Medido | H17: =H16/(H15*H15) -> 3737.5 | I17: nH/N^2
C18: I min gate Drive (IC) | D18: =D17/1000 -> 0.001 | E18: A
C19: I máx Gate Mosfet 1% | D19: =IF(D13="P75NF75",Estudo_Mosfet!G24,Estudo_Mosfet!O24) -> 0.254 | E19: A | G19: Valor Medido | H19: 0.013 | I19: mH
C20: I máx Gate Mosfet 1% | D20: =D19*1000 -> 254 | E20: mA | G20: Voltas | H20: 10
C21: Rb Opto | D21: =Estudo_Drive!S29 -> 18000 | E21: Ω | G21: Nano Henry | H21: =H19*1000000 -> 13000
C22: R1 Gate Drive | D22: =Estudo_Drive!S25 -> 4700 | E22: Ω | G22: Al Medido | H22: =H21/(H20*H20) -> 130 | I22: nH/N^2
C23: R2 Gate Drive | D23: =Estudo_Drive!S21 -> 470 | E23: Ω
C24: R3 Gate Drive / Rg Mosfet | D24: =Estudo_Drive!S5 -> 47 | E24: Ω
C25: Definições para o Flyback
C26: ∆ Vo | D26: 1 | E26: %
C27: V diodo | D27: 0.7 | E27: V
C28: Duty Cicle | D28: 0.7 | E28: num
C29: B max | D29: 0.25 | E29: Tesla
C30: Tipo da Condução | D30: Contínuo
C31: Tipo do Indutor | D31: Toroidal
C32: Tipo da Condução | D32: =Calculo_Flyback!F33 -> Qual Fio
C33: Fio AWG | D33: =Calculo_FlyBack_Simples!M27 -> 24 | E33: AWG

Sheet Estudo_Drive
C1: =Estudo_Mosfet!G16 -> 1.39 | N1: aaaaaaaaaaaaaaaaaaaa | O1: aaaaaa | P1: aaaaa | R1: Vcc Arduino | S1: 5 | U1: mA
C2: =Estudo_Mosfet!O16 -> 1.6666667 | R2: Vcc | S2: =Dados_Projeto!D4 -> 12 | T2: V
B3: IB3 | C3: =C2*1000 -> 1666.6667 | D3: mA | J3: Ib Entrada | K3: 2 | L3: mA | R3: Ig | S3: =Dados_Projeto!D19 -> 0.254 | T3: A | U3: =S3*1000 -> 254
B4: IB3 | C4: =Dados_Projeto!D18 -> 0.001 | D4: A | J4: Ib Entrada | K4: =K3/1000 -> 0.002 | L4: A | R4: R3 | S4: =S2/S3 -> 47.244094 | T4: Ω
B5: β(SAT) | C5: =Dados_Projeto!D16 -> 10 | D5: num | J5: V microcontrolador | K5: =Dados_Projeto!D3 -> 5 | L5: V | R5: R3 cmc | S5: =INDEX(Resistores_Comerciais!A:A,MATCH("Sim",Resistores_Comerciais!D:D,0)) -> 47 | T5: Ω
B6: IC3 | C6: =C5*C3 -> 16666.667 | D6: mA | J6: R1 Rb | K6: =K5/(K3/1000) -> 2500 | L6: Ohm
B7: IC3 | C7: =C6/1000 -> 16.666667 | D7: A | J7: Resistor cmc | K7: =INDEX(Tabela2[Resistencia],MATCH("Sim",#REF!,0)) -> #REF! | L7: Ohm | R7: Ec | S7: =(1/2)*1*10^(-9)*S2^2 -> 7.2e-08 | T7: J
B8: Vdd | C8: =Dados_Projeto!D5 -> 12 | D8: V | R8: Ec | S8: =S7*1000000000 -> 72 | T8: nJ
B9: R3 | C9: =C8/C7 -> 0.72 | D9: Ω | R9: T esquisito | S9: =S4*1*10^(-9) -> 4.7244094e-08 | T9: s
B10: R3 cmc | C10: =INDEX(Resistores_Comerciais!A:A,MATCH("Sim",Resistores_Comerciais!#REF!,0)) -> #REF! | D10: Ω | R10: T esquisito | S10: =S9*1000000000 -> 47.244094 | T10: ns
B11: Ciss | C11: 1 | D11: nF | J11: R1 do Drive usando BC337 e ib = 2 mA | N11: R2 do Drive usando BC337 e ib = 2 mA | R11: t | S11: =5*S10 -> 236.22047 | T11: ns
B12: E | C12: =1/2*C11*(10^-9)*C8^2 -> 7.2e-08 | D12: J | J12: Relação Ib/Ic | K12: 10 | N12: Relação Ib/Ic | O12: 10
B13: E | C13: =C12*10^9 -> 72 | D13: J | J13: Ib Q1 | K13: =K3 -> 2 | L13: mA | N13: Ib Q1 | O13: =K14 -> 20 | P13: mA | R13: f | S13: =Dados_Projeto!D15 -> 62500 | T13: hz
B14: t | C14: =C11*(10^-9)*C9 -> 7.2e-10 | D14: s | J14: Ic Q1 | K14: =K3*10 -> 20 | L14: mA | N14: Ic Q1 | O14: =O13*10 -> 200 | P14: mA | R14: T | S14: =1/S13 -> 1.6e-05 | T14: s
B15: t | C15: =C14*1000000000 -> 0.72 | D15: ns | J15: Ic Q1 | K15: =K14/1000 -> 0.02 | L15: A | N15: Ic Q1 | O15: =O14/1000 -> 0.2 | P15: A | R15: T | S15: =S14*1000000 -> 16 | T15: us
B16: t | C16: =C14*5 -> 3.6e-09 | D16: s | J16: Vdd = vcc | K16: =Dados_Projeto!D5 -> 12 | L16: V | N16: Vdd = vcc | O16: =K16 -> 12 | P16: V
B17: t | C17: =C16*1000000000 -> 3.6 | D17: ns | J17: Rc Q1/ Rb Q2 | K17: =K16/K15 -> 600 | L17: Ohm | N17: Rc Q1/ Rb Q2 | O17: =O16/O15 -> 60 | P17: Ohm | R17: P | S17: =S8/S15 -> 4.5 | T17: mW
J18: Rc Q1/ Rb Q2 cmc | K18: =INDEX(Tabela2[Resistencia],MATCH("Sim",#REF!,0)) -> #REF! | L18: Ohm | N18: Rc Q1/ Rb Q2 cmc | O18: =INDEX(Tabela2[Resistencia],MATCH("Sim",Resistores_Comerciais!#REF!,0)) -> #REF! | P18: Ohm
B19: T | C19: =1/Dados_Projeto!D15 -> 1.6e-05 | D19: s | J19: Ic Q1 = Ib Q2 | K19: =K16/K18 -> #REF! | L19: A | N19: Ic Q1 = Ib Q2 | O19: =O16/O18 -> #REF! | P19: A | R19: IB3 = IR2 | S19: =S3/10 -> 0.0254 | T19: A | U19: =S19*1000 -> 25.4
B20: T | C20: =C19*1000000000 -> 16000 | D20: ns | J20: Ic Q1 = Ib Q2 | K20: =K19*1000 -> #REF! | L20: mA | N20: Ic Q1 = Ib Q2 | O20: =O19*1000 -> #REF! | P20: mA | R20: R2 | S20: =(S2-0.7)/S19 -> 444.88189 | T20: Ω | U20: Menor Melhor
B21: Pmed | C21: =C12/C19 -> 0.0045 | D21: W | R21: R2 cmc | S21: =INDEX(Resistores_Comerciais!A:A,MATCH("Sim",Resistores_Comerciais!G:G,0)) -> 470 | T21: Ω
B22: Pmed | C22: =ROUND(C21*1000,2) -> 4.5 | D22: mW
J23: R1 do Drive usando Opto | N23: R2 do Drive usando Opto | R23: Ib2 = Ic2/10 | S23: =S19/10 -> 0.00254 | T23: A | U23: =S23*1000 -> 2.54
B24: IB3 | C24: =C6/C5 -> 1666.6667 | D24: mA | J24: Relação Ib/Ic | K24: 10 | N24: Relação Ib/Ic | O24: 10 | R24: R1 | S24: =(S2-0.7)/S23 -> 4448.8189 | T24: Ω
B25: IB3 | C25: =C24/1000 -> 1.6666667 | D25: A | J25: Ib Q1 | K25: =Estudo_OptoAcoplador!E22*1000 -> 5 | L25: mA | N25: Ib Q1 | O25: =K26 -> 0.5 | P25: mA | R25: R1 cmc | S25: =INDEX(Resistores_Comerciais!A:A,MATCH("Sim",Resistores_Comerciais!J:J,0)) -> 4700 | T25: Ω
B26: R2 | C26: =(C8-0.7)/C25 -> 6.78 | D26: Ω | J26: Ic Q1 | K26: =K25/K24 -> 0.5 | L26: mA | N26: Ic Q1 | O26: =O25*10 -> 5 | P26: mA
B27: R2 cmc | C27: =INDEX(Resistores_Comerciais!A:A,MATCH("Sim",Resistores_Comerciais!#REF!,0)) -> #REF! | D27: Ω | J27: Ic Q1 | K27: =K26/1000 -> 0.0005 | L27: A | N27: Ic Q1 | O27: =O26/1000 -> 0.005 | P27: A | R27: Ib2 = Ic2/10 | S27: =S23/10 -> 0.000254 | T27: A | U27: =S27*1000 -> 0.254
J28: Vdd = vcc | K28: =K16 -> 12 | L28: V | N28: Vdd = vcc | O28: =O16 -> 12 | P28: V | R28: R1 | S28: =(S1-0.7)/S27 -> 16929.134 | T28: Ω
B29: IC2 | C29: =C24 -> 1666.6667 | D29: mA | J29: Rc Q1/ Rb Q2 | K29: =K28/K27 -> 24000 | L29: Ohm | N29: Rc Q1/ Rb Q2 | O29: =O28/O27 -> 2400 | P29: Ohm | R29: R1 cmc | S29: =INDEX(Resistores_Comerciais!A:A,MATCH("Sim",Resistores_Comerciais!M:M,0)) -> 18000 | T29: Ω
B30: IC2 | C30: =C25 -> 1.6666667 | D30: A | J30: Rc Q1/ Rb Q2 cmc | K30: =INDEX(Tabela2[Resistencia],MATCH("Sim",#REF!,0)) -> #REF! | L30: Ohm | N30: Rc Q1/ Rb Q2 cmc | O30: =INDEX(Tabela2[Resistencia],MATCH("Sim",#REF!,0)) -> #REF! | P30: Ohm
B31: IB2 | C31: =C29/C5 -> 166.66667 | D31: mA | J31: Ic Q1 = Ib Q2 | K31: =K28/K30 -> #REF! | L31: A | N31: Ic Q1 = Ib Q2 | O31: =O28/O30 -> #REF! | P31: A
B32: IB2 | C32: =C31/1000 -> 0.16666667 | D32: A | J32: Ic Q1 = Ib Q2 | K32: =K31*1000 -> #REF! | L32: mA | N32: Ic Q1 = Ib Q2 | O32: =O31*1000 -> #REF! | P32: mA
B34: R1 | C34: =(C8-0.7)/C32 -> 67.8 | D34: Ω
B35: R1 cmc | C35: =INDEX(Resistores_Comerciais!A:A,MATCH("Sim",Resistores_Comerciais!#REF!,0)) -> #REF! | D35: Ω

Sheet Estudo_Mosfet
C3: MOSFET P75NF75 | K3: MOSFET IRF540
C5: Circ. Teste Datasheet | D5: Parâmetro | E5: Descrição | F5: Condição | G5: Valor Típico | H5: Valor Máximo | I5: Unidade | K5: Circ. Teste Datasheet | L5: Parâmetro | M5: Descrição | N5: Condição | O5: Valor Típico | P5: Valor Máximo | Q5: Unidade
D6: tD(ON) | E6: Turn-On Delay Time | F6: VDD=37,5V, ID=45A, VGS=10V, RG=4,7Ω | G6: 25 | I6: ns | L6: tD(ON) | M6: Turn-On Delay Time | N6: VDD=37,5V, ID=45A, VGS=10V, RG=4,7Ω | O6: 8 | Q6: ns
D7: tR | E7: Turn-On Rise Time | F7: VDD=37,5V, ID=45A, VGS=10V, RG=4,7Ω | G7: 100 | I7: ns | L7: tR | M7: Turn-On Rise Time | N7: VDD=37,5V, ID=45A, VGS=10V, RG=4,7Ω | O7: 39 | Q7: ns
D8: tD(OFF) | E8: Turn-Off Delay Time | F8: VGS=10V, RG=4,7Ω | G8: 66 | I8: ns | L8: tD(OFF) | M8: Turn-Off Delay Time | N8: VGS=10V, RG=4,7Ω | O8: 26 | Q8: ns
D9: tF | E9: Turn-Off Fall Time | F9: VGS=10V, RG=4,7Ω | G9: 30 | I9: ns | L9: tF | M9: Turn-Off Fall Time | N9: VGS=10V, RG=4,7Ω | O9: 24 | Q9: ns
D10: Qg | E10: Total Gate Charge | F10: VDS=60V, VGS=10V, ID=80A | G10: 117 | H10: 160 | I10: nC | L10: Qg | M10: Total Gate Charge | N10: VDS=60V, VGS=10V, ID=80A | O10: 65 | Q10: nC
D11: Qgs | E11: Gate-Source Charge | F11: VDS=60V, VGS=10V, ID=80A | G11: 27 | I11: nC | L11: Qgs | M11: Gate-Source Charge | N11: VDS=60V, VGS=10V, ID=80A | O11: 10 | Q11: nC
D12: Qgd | E12: Gate-Drain Charge | F12: VDS=60V, VGS=10V, ID=80A | G12: 47 | I12: nC | L12: Qgd | M12: Gate-Drain Charge | N12: VDS=60V, VGS=10V, ID=80A | O12: 29 | Q12: nC
D13: Ciss | E13: Imput Capacitance | F13: VGS = 0 V, VDS = 25 V f = 1MHz | G13: 3700 | I13: pF | L13: Ciss | M13: Imput Capacitance | N13: VGS = 0 V, VDS = 25 V f = 1MHz | O13: 890 | P13: 1187 | Q13: pF
C15: Dados Calculados | D15: Qg Medio | E15: Total Gate Charge | F15: =F10 -> VDS=60V, VGS=10V, ID=80A | G15: =ROUNDUP((G10+H10)/2,0) -> 139 | I15: nC | K15: Dados Calculados | L15: Qg Medio | M15: Total Gate Charge | N15: =N10 -> VDS=60V, VGS=10V, ID=80A | O15: 65 | Q15: nC
D16: Ig Max | E16: Corrente no Gate Max | F16: =F11 -> VDS=60V, VGS=10V, ID=80A | G16: =G15/G7 -> 1.39 | I16: A | L16: Ig Max | M16: Corrente no Gate Max | N16: =N11 -> VDS=60V, VGS=10V, ID=80A | O16: =O15/O7 -> 1.6666667 | Q16: A
D17: p% Pulso | E17: Porcentagem de Pulso | G17: 0.8 | I17: % | L17: p% Pulso | M17: Porcentagem de Pulso | O17: 1.6 | Q17: %
D18: F tr | E18: Frequencia de Trabalho | G18: =Dados_Projeto!D14 -> 62.5 | I18: kH | L18: F tr | M18: Frequencia de Trabalho | O18: =Dados_Projeto!D14 -> 62.5 | Q18: kH
D19: F tr | E19: Frequencia de Trabalho | G19: =G18*1000 -> 62500 | I19: H | L19: F tr | M19: Frequencia de Trabalho | O19: =O18*1000 -> 62500 | Q19: H
D20: T tr | E20: Periodo de Trabalho | G20: =1/G19 -> 1.6e-05 | H20: =Dados_Projeto!D16 -> 10 | I20: s | L20: T tr | M20: Periodo de Trabalho | O20: =1/O19 -> 1.6e-05 | Q20: s
D21: T tr | E21: Periodo de Trabalho | G21: =G20*1000000000 -> 16000 | I21: ns | L21: T tr | M21: Periodo de Trabalho | O21: =O20*1000000000 -> 16000 | Q21: ns
D22: T pulso | E22: T Pulso para não Aquecer o Mosfet + que 1% do Tr | G22: =G20*G17% -> 1.28e-07 | I22: s | L22: T pulso | M22: T Pulso para não Aquecer o Mosfet + que 1% do Tr | O22: =O20*O17% -> 2.56e-07 | Q22: s
D23: T pulso | E23: T Pulso para não Aquecer o Mosfet + que 1% do Tr | G23: =G22*1000000000 -> 128 | I23: ns | L23: T pulso | M23: T Pulso para não Aquecer o Mosfet + que 1% do Tr | O23: =O22*1000000000 -> 256 | Q23: ns
D24: Ig Pulso | E24: Corrente de Gate para esse pulso de 1% de Tr | G24: =ROUND(G15/G23,3) -> 1.086 | H24: =G16 -> 1.39 | I24: A | L24: Ig Pulso | M24: Corrente de Gate para esse pulso de 1% de Tr | O24: =ROUND(O15/O23,3) -> 0.254 | P24: =O16 -> 1.6666667 | Q24: A
D25: Vcc drive | E25: Tensão de entrada ou do drive que irá adionar o mosfet | G25: =Dados_Projeto!D5 -> 12 | I25: V | L25: Vcc drive | M25: Tensão de entrada ou do drive que irá adionar o mosfet | O25: =G25 -> 12 | Q25: V
D26: Rg | E26: ="R gate do Mosfet para acionar em "&G24&" A" -> R gate do Mosfet para acionar em 1,086 A | G26: =ROUND(G25/G24,2) -> 11.05 | I26: Ohm | L26: Rg | M26: ="R gate do Mosfet para acionar em "&O24&" A" -> R gate do Mosfet para acionar em 0,254 A | O26: =ROUND(O25/O24,2) -> 47.24 | Q26: Ohm
D27: Rg cmc | E27: R gate do Mosfet Comercial | G27: =INDEX(Resistores_Comerciais!A:A,MATCH("Sim",Resistores_Comerciais!D:D,0)) -> 47 | I27: Ohm | L27: Rg cmc | M27: R gate do Mosfet Comercial | O27: =INDEX(Resistores_Comerciais!A:A,MATCH("Sim",Resistores_Comerciais!D:D,0)) -> 47 | Q27: Ohm
E34: perda de potencia no mosfet
C35: Link youtube | D35: MOSFET: Acionamento do gate, resistência do gate | E35: MOSFET: Por que usar a resistência de gate?

Sheet Calculo_FlyBack_Simples
G1: AAAAAA | I1: aaaaaaa | J1: aaaaaa | L1: aaaaaaaaa | N1: aaaaaaa | O1: AAAAAA
H2: Dados Basicos do Projeto | L2: Teste do Modo de Operação | P2: Cálculo do Fio Mínimo Bobina
B3: Tap Trafo | C3: Trafo Antigo | H3: Parametro | I3: Valor | J3: Unidade | L3: Parametro | M3: Valor | N3: Unidade | P3: Parametro | Q3: Valor | R3: Unidade
B4: 1º | C4: 0.446 | D4: mH | H4: V in(max) | I4: =Dados_Projeto!D4 -> 12 | J4: V | L4: N1/N2 | M4: =Dados_Projeto!D11 -> 4.5 | P4: Profundidade de Penetração | Q4: =6.62/SQRT(I16) -> 0.02648 | R4: cm
C5: =C4*1000 -> 446 | D5: uH | H5: V in rms | I5: =I4 -> 12 | J5: V | L5: N1/N2 | M5: =Dados_Projeto!D12 -> 5.6 | N5: =(I7/I4)*((1-I11)/I11) -> 0.17857143 | P5: Diametro do Fio | Q5: =2*Q4 -> 0.05296 | R5: cm
B6: 2º | C6: 0.099 | D6: mH | H6: V in(min) | I6: =I4 -> 12 | J6: V | L6: N2/N1 | M6: =1/M4 -> 0.22222222 | P6: Área do Fio (Aw) | Q6: =ROUND((PI()*Q5^2)/4,5) -> 0.0022 | R6: cm²
C7: =C6*1000 -> 99 | D7: uH | H7: V out (1) | I7: =Dados_Projeto!D7 -> 5 | J7: V | L7: N2/N1 | M7: =1/M5 -> 0.17857143 | N7: =1/N5 -> 5.6 | P7: Fio Mínimo Escolhido
B8: N1/N2 | C8: =C5/C7 -> 4.5050505 | H8: R out (1) | I8: 100 | J8: Ω | L8: D (Max Real) | M8: =ROUND(1/(((I5/I7)*(M7)+1)),3) -> 0.7 | P8: Área do Fio (AWG) Mínimo | Q8: =INDEX(AWG!O:O,MATCH("Sim",AWG!Q:Q,0)) -> 0.00205 | R8: cm²
B9: N2/N1 | C9: =C7/C5 -> 0.22197309 | H9: I out (1) | I9: =ROUND(I7/I8,2) -> 0.05 | J9: A | L9: N1/N2 | M9: =1/M6 -> 4.5 | N9: - | P9: Fio AWG | Q9: =INDEX(AWG!B:B,MATCH("Sim",AWG!Q:Q,0)) -> 24 | R9: AWG
H10: P out (1) | I10: =ROUND((I7)*I9,2) -> 0.25 | J10: W | L10: I Lm | M10: =ROUND((I7^2)/(I5*M8*I8),2) -> 0.03 | N10: A | P10: Resistência | Q10: =INDEX(AWG!E:E,MATCH("Sim",AWG!Q:Q,0)) -> 842.1 | R10: uΩ/cm 22º C
H11: Duty Cicle | I11: =Dados_Projeto!D28 -> 0.7 | L11: Qual Duty Cicle | M11: Original | P11: Fio AWG Escolhido | Q11: =INDEX(Anal_Tubes!B:B,MATCH("Sim",Anal_Tubes!P:P,0)) -> 24 | R11: AWG
H12: L Trafo Requerido | I12: =Dados_Projeto!D9 -> 450 | J12: uH | L12: ∆ I Lm | M12: =IF(M11="Calculado",(I4*I11)/(I13*I16),(I4*M8)/(I13*I16)) -> 0.29866667 | N12: A | P12: Área do Fio (AWG) Mínimo | Q12: =_xlfn.XLOOKUP(Q11,AWG!B6:B40,AWG!O6:O40,"",0,1) -> 0.00205 | R12: cm²
H13: L Trafo Requerido | I13: =I12/1000000 -> 0.00045 | J13: H | L13: Lm | M13: =(I5*M8)/(I16*M12) -> 0.00045 | N13: H | P13: Resistência | Q13: =_xlfn.XLOOKUP(Q11,AWG!B6:B40,AWG!E6:E40,"",0,1) -> 842.1 | R13: uΩ/cm 22º C
H14: ∆ Vo | I14: 2 | J14: % | L14: Lm | M14: =ROUND(M13*1000000,1) -> 450 | N14: uH
H15: Frequência | I15: =Dados_Projeto!D14 -> 62.5 | J15: kH | L15: I Lm mín | M15: =M10-(M12/2) -> -0.11933333 | N15: A | P15: Imax | Q15: =M17 -> 0.17933333 | R15: A
H16: Frequência | I16: =I15*1000 -> 62500 | J16: H | P16: Imax 1% | Q16: =Q15*1% -> 0.0017933333 | R16: A
H17: Tipo da Condução | I17: =Dados_Projeto!D30 -> Contínuo | L17: I Lm máx | M17: =M10+(M12/2) -> 0.17933333 | N17: A | P17: Imax 1% | Q17: =ROUND(Q16*1000,2) -> 1.79 | R17: mA
H18: Tipo do Transformador | I18: =Dados_Projeto!D31 -> Toroidal | L18: Modo de Operação Segundo Hart | P18: R snubber | Q18: =ROUND(I4/Q16,0) -> 6691 | R18: Ω | T18: =(100*(10^-6)*(8*10^-3)^2)/2 -> 3.2e-09
H19: Calculos Periodo | L19: =IF(M15<0,"Descontínuo","Contínuo") -> Descontínuo | P19: R snubber cmc | Q19: =INDEX(Resistores_Comerciais!A:A,MATCH("Sim",Resistores_Comerciais!P:P,0)) -> 6800 | R19: Ω | T19: =T18*1000000000 -> 3.2 | U19: nJ
H20: Periodo T | I20: =1/I16 -> 1.6e-05 | J20: s | L20: Definindo o Núcleo | P20: R snubber cmc | Q20: =Q19/1000 -> 6.8 | R20: kΩ
H21: Ton | I21: =I11*I20 -> 1.12e-05 | J21: s | L21: Al do Núcleo | M21: 93 | N21: nH/Np² | P21: Ei | Q21: =(I13*(Q16)^2)/2 -> 7.2361e-10 | R21: J | T21: =T19*2 -> 6.4
I22: 100 | L22: Lm | M22: =M14*1000 -> 450000 | N22: nH | P22: Ei | Q22: =Q21*10^9 -> 0.72361 | R22: nJ
L23: Número de Voltas Primário | M23: =ROUNDDOWN(SQRT(M22/M21),0) -> 69 | N23: Voltas | P23: V teste | Q23: 2 | R23: V
L24: Qntd Fios Primario | M24: =INDEX(Anal_Tubes!Q:Q,MATCH("Sim",Anal_Tubes!P:P,0)) -> 1 | N24: Fios | P24: c snb | Q24: =(Q21*2)/Q23^2 -> 3.61805e-10 | R24: J
L25: Número de Voltas Secundário | M25: =M23*M6 -> 15.333333 | N25: Voltas | P25: c snb | Q25: =Q24*10^6 -> 0.000361805 | R25: uF
L26: Qntd Fios Secundário | M26: 1 | N26: Fios | P26: c snb cmc | Q26: =INDEX(Capacitores_Comerciais!C:C,MATCH("Sim",Capacitores_Comerciais!G:G,0)) -> 4.7e-10 | R26: F
L27: Qual Fio | M27: =Q11 -> 24 | N27: AWG | P27: c snb cmc | Q27: =Q26*10^12 -> 470 | R27: pF | S27: =Q27/1000 -> 0.47
L28: Número de Voltas Secundário | M28: =ROUND(M23*M7,2) -> 12.32 | N28: Voltas | P28: C carga | Q28: =(I7*I11)/((I14%)*I8*I16) -> 2.8e-05 | R28: =12/1000 -> 0.012
L29: Qntd Fios Secundário | M29: 1 | N29: Fios | P29: C Carga cmc | Q29: =INDEX(Capacitores_Comerciais!C:C,MATCH("Sim",Capacitores_Comerciais!E:E,0)) -> 3.3e-05 | R29: F
L30: Qual Fio | M30: =Q14 -> 0 | N30: AWG | P30: C Carga cmc | Q30: =Q29*10^6 -> 33 | R30: uF | T30: 3300 | U30: =T30*1 -> 3300
L31: Modo de Operação Segundo Hart
L32: =IF(M26<0,"Descontínuo","Contínuo") -> Contínuo
L34: =((((1-I11)^2)*I22)/(2*I16))*(M5^2) -> 0.00225792 | M34: lm
L35: =L34*10^6 -> 2257.92 | M35: uLm
L36: =I4*I11*SQRT((I22)/(2*I13*I16)) -> 11.2

Sheet Planilha1
J3: Item | K3: Valor aproximado (R$)
J4: Microcontrolador | K4: XX,00
J5: MOSFET de potência | K5: XX,00
J6: Núcleo toroidal | K6: XX,00
J7: Componentes passivos | K7: XX,00
J8: Custo total estimado | K8: XX,00

Sheet Estudo_OptoAcoplador
C3: OPTOACOPLADOR 4N25
C5: Circuito | D5: Parametro | E5: Valor | F5: Unidade | H5: Parametro | I5: Valor | J5: Unidade
C6: Circ. Teste Datasheet Vin | D6: IC | E6: =Dados_Projeto!D17 -> 1 | F6: mA | H6: Ton | I6: 2 | J6: us
D7: IC | E7: =E6/1000 -> 0.001 | F7: A | I7: =I6/1000000 -> 2e-06 | J7: s
D8: Vcc | E8: 10 | F8: V | H8: Toff | I8: 2 | J8: us
D9: RL | E9: 100 | F9: Ohm | I9: =I8/1000000 -> 2e-06 | J9: s
D10: CTR | E10: 20 | F10: % | H10: T Total | I10: =I8+I6 -> 4 | J10: us
D11: IF | E11: =E6/E10% -> 5 | F11: mA
D12: I coletor | E12: =E10%*E7 -> 0.0002 | F12: A | I12: =I9+I7 -> 4e-06 | J12: s
D13: I coletor | E13: =E12*1000 -> 0.2 | F13: mA | H13: F máx 0,10 mA | I13: =1/I10 -> 0.25 | J13: MH
D14: Queda T Vrl | E14: =E12*E9 -> 0.02 | F14: V | I14: =I13*1000 -> 250 | J14: kH
D15: Vce Final | E15: =E8-E14 -> 9.98 | F15: V | I15: =I13*1000000 -> 250000 | J15: H
D16: V F Led Emissor Tip | E16: 1.18 | F16: V
D17: V F Led Emissor Max | E17: 1.5 | F17: V
C19: Circ. Micro Controlador | D19: Vcc/Vin MicroContr | E19: =Dados_Projeto!D3 -> 5 | F19: V
D20: V F Led | E20: 1.18 | F20: V
D21: I base Led | E21: =E11 -> 5 | F21: mA
D22: I base Led | E22: =E21/1000 -> 0.005 | F22: A
D23: ResistenciaRg | E23: =(E19-E20)/E22 -> 764 | F23: Ohm
D24: Resistencia Comerc. | E24: =INDEX(Resistores_Comerciais!A:A,MATCH("Sim",Resistores_Comerciais!M:M,0)) -> 18000 | F24: Ohm | G24: Menor
D25: I Base Led New | E25: =(E19-E20)/E24 -> 0.00021222222 | F25: A
D26: I Base Led New | E26: =E25*1000 -> 0.21222222 | F26: mA
D27: Diferença I base | E27: =((E25/E22)-1)*100 -> -95.755556 | F27: %

Sheet Controle_Malha_Aberta
H1: J1 | I1: b0 | J1: 36
A2: Passo (k) | B2: Tempo (t) | C2: Entrada u[k] | D2: x[k-2] | E2: x[k-1] | F2: Estado x[k] | G2: Saída y[k] | H2: J2 | I2: b1 | J2: -0.0013499 | K2: =(-1*J1)/26667 -> -0.0013499831
A3: 0 | B3: =0-J6 -> -2e-06 | C3: 0 | D3: 0 | E3: 0 | F3: 0 | G3: 0 | H3: J3 | I3: a0 | J3: 1
A4: 1 | B4: =B3+$J$6 -> 0 | C4: =IF(B4>=0,1,0) -> 1 | D4: =E3 -> 0 | E4: =F3 -> 0 | F4: =(C4 + E4*((2*$J$5)/($J$6^2) + $J$4/$J$6) - D4*($J$5/($J$6^2))) / (($J$5/($J$6^2)) + ($J$4/$J$6) + $J$3) -> 8.0516724e-05 | G4: =$J$2*((F4-E4)/$J$6)+$J$1*F4 -> -0.051446161 | H4: J4 | I4: a1 | J4: 3.756e-05 | K4: =1/26625 -> 3.7558685e-05
A5: 2 | B5: =B4+$J$6 -> 2e-06 | C5: =IF(B5>=0,1,0) -> 1 | D5: =E4 -> 0 | E5: =F4 -> 8.0516724e-05 | F5: =(C5 + E5*((2*$J$4)/($J$5^2) + $J$3/$J$5) - D5*($J$4/($J$5^2))) / (($J$4/($J$5^2)) + ($J$3/$J$5) + $J$2) -> 0.00016092733 | G5: =$J$2*((F5-E5)/$J$6)+$J$1*F5 -> -0.048479753 | H5: J5 | I5: a2 | J5: 4.96e-08 | K5: =1/20160000 -> 4.9603175e-08
A6: 3 | B6: =B5+$J$6 -> 4e-06 | C6: =IF(B6>=0,1,0) -> 1 | D6: =E5 -> 8.0516724e-05 | E6: =F5 -> 0.00016092733 | F6: =(C6 + E6*((2*$J$4)/($J$5^2) + $J$3/$J$5) - D6*($J$4/($J$5^2))) / (($J$4/($J$5^2)) + ($J$3/$J$5) + $J$2) -> 0.00024123195 | G6: =$J$2*((F6-E6)/$J$6)+$J$1*F6 -> -0.045517254 | H6: J6 | I6: Δt (s) | J6: 2e-06 | K6: Passo de tempo, crucial!
A7: 4 | B7: =B6+$J$6 -> 6e-06 | C7: =IF(B7>=0,1,0) -> 1 | D7: =E6 -> 0.00016092733 | E7: =F6 -> 0.00024123195 | F7: =(C7 + E7*((2*$J$4)/($J$5^2) + $J$3/$J$5) - D7*($J$4/($J$5^2))) / (($J$4/($J$5^2)) + ($J$3/$J$5) + $J$2) -> 0.00032143073 | G7: =$J$2*((F7-E7)/$J$6)+$J$1*F7 -> -0.042558661
A8: 5 | B8: =B7+$J$6 -> 8e-06 | C8: =IF(B8>=0,1,0) -> 1 | D8: =E7 -> 0.00024123195 | E8: =F7 -> 0.00032143073 | F8: =(C8 + E8*((2*$J$4)/($J$5^2) + $J$3/$J$5) - D8*($J$4/($J$5^2))) / (($J$4/($J$5^2)) + ($J$3/$J$5) + $J$2) -> 0.00040152381 | G8: =$J$2*((F8-E8)/$J$6)+$J$1*F8 -> -0.039603967
A9: 6 | B9: =B8+$J$6 -> 1e-05 | C9: =IF(B9>=0,1,0) -> 1 | D9: =E8 -> 0.00032143073 | E9: =F8 -> 0.00040152381 | F9: =(C9 + E9*((2*$J$4)/($J$5^2) + $J$3/$J$5) - D9*($J$4/($J$5^2))) / (($J$4/($J$5^2)) + ($J$3/$J$5) + $J$2) -> 0.00048151133 | G9: =$J$2*((F9-E9)/$J$6)+$J$1*F9 -> -0.036653167
A10: 7 | B10: =B9+$J$6 -> 1.2e-05 | C10: =IF(B10>=0,1,0) -> 1 | D10: =E9 -> 0.00040152381 | E10: =F9 -> 0.00048151133 | F10: =(C10 + E10*((2*$J$4)/($J$5^2) + $J$3/$J$5) - D10*($J$4/($J$5^2))) / (($J$4/($J$5^2)) + ($J$3/$J$5) + $J$2) -> 0.00056139342 | G10: =$J$2*((F10-E10)/$J$6)+$J$1*F10 -> -0.033706256
A11: 8 | B11: =B10+$J$6 -> 1.4e-05 | C11: =IF(B11>=0,1,0) -> 1 | D11: =E10 -> 0.00048151133 | E11: =F10 -> 0.00056139342 | F11: =(C11 + E11*((2*$J$4)/($J$5^2) + $J$3/$J$5) - D11*($J$4/($J$5^2))) / (($J$4/($J$5^2)) + ($J$3/$J$5) + $J$2) -> 0.00064117023 | G11: =$J$2*((F11-E11)/$J$6)+$J$1*F11 -> -0.030763229
A12: 9 | B12: =B11+$J$6 -> 1.6e-05 | C12: =IF(B12>=0,1,0) -> 1 | D12: =E11 -> 0.00056139342 | E12: =F11 -> 0.00064117023 | F12: =(C12 + E12*((2*$J$4)/($J$5^2) + $J$3/$J$5) - D12*($J$4/($J$5^2))) / (($J$4/($J$5^2)) + ($J$3/$J$5) + $J$2) -> 0.00072084189 | G12: =$J$2*((F12-E12)/$J$6)+$J$1*F12 -> -0.027824082
A13: 10 | B13: =B12+$J$6 -> 1.8e-05 | C13: =IF(B13>=0,1,0) -> 1 | D13: =E12 -> 0.00064117023 | E13: =F12 -> 0.00072084189 | F13: =(C13 + E13*((2*$J$4)/($J$5^2) + $J$3/$J$5) - D13*($J$4/($J$5^2))) / (($J$4/($J$5^2)) + ($J$3/$J$5) + $J$2) -> 0.00080040855 | G13: =$J$2*((F13-E13)/$J$6)+$J$1*F13 -> -0.024888808
A14: 11 | B14: =B13+$J$6 -> 2e-05 | C14: =IF(B14>=0,1,0) -> 1 | D14: =E13 -> 0.00072084189 | E14: =F13 -> 0.00080040855 | F14: =(C14 + E14*((2*$J$4)/($J$5^2) + $J$3/$J$5) - D14*($J$4/($J$5^2))) / (($J$4/($J$5^2)) + ($J$3/$J$5) + $J$2) -> 0.00087987034 | G14: =$J$2*((F14-E14)/$J$6)+$J$1*F14 -> -0.021957403
A15: 12 | B15: =B14+$J$6 -> 2.2e-05 | C15: =IF(B15>=0,1,0) -> 1 | D15: =E14 -> 0.00080040855 | E15: =F14 -> 0.00087987034 | F15: =(C15 + E15*((2*$J$4)/($J$5^2) + $J$3/$J$5) - D15*($J$4/($J$5^2))) / (($J$4/($J$5^2)) + ($J$3/$J$5) + $J$2) -> 0.0009592274 | G15: =$J$2*((F15-E15)/$J$6)+$J$1*F15 -> -0.019029861
A16: 13 | B16: =B15+$J$6 -> 2.4e-05 | C16: =IF(B16>=0,1,0) -> 1 | D16: =E15 -> 0.00087987034 | E16: =F15 -> 0.0009592274 | F16: =(C16 + E16*((2*$J$4)/($J$5^2) + $J$3/$J$5) - D16*($J$4/($J$5^2))) / (($J$4/($J$5^2)) + ($J$3/$J$5) + $J$2) -> 0.0010384799 | G16: =$J$2*((F16-E16)/$J$6)+$J$1*F16 -> -0.016106178
A17: 14 | B17: =B16+$J$6 -> 2.6e-05 | C17: =IF(B17>=0,1,0) -> 1 | D17: =E16 -> 0.0009592274 | E17: =F16 -> 0.0010384799 | F17: =(C17 + E17*((2*$J$4)/($J$5^2) + $J$3/$J$5) - D17*($J$4/($J$5^2))) / (($J$4/($J$5^2)) + ($J$3/$J$5) + $J$2) -> 0.0011176279 | G17: =$J$2*((F17-E17)/$J$6)+$J$1*F17 -> -0.013186349
A18: 15 | B18: =B17+$J$6 -> 2.8e-05 | C18: =IF(B18>=0,1,0) -> 1 | D18: =E17 -> 0.0010384799 | E18: =F17 -> 0.0011176279 | F18: =(C18 + E18*((2*$J$4)/($J$5^2) + $J$3/$J$5) - D18*($J$4/($J$5^2))) / (($J$4/($J$5^2)) + ($J$3/$J$5) + $J$2) -> 0.0011966716 | G18: =$J$2*((F18-E18)/$J$6)+$J$1*F18 -> -0.010270367
... A26: 23 | B26: =B25+$J$6 -> 4.4e-05 | C26: =IF(B26>=0,1,0) -> 1 | D26: =E25 -> 0.0016687508 | E26: =F25 -> 0.0017470682 | F26: =(C26 + E26*((2*$J$4)/($J$5^2) + $J$3/$J$5) - D26*($J$4/($J$5^2))) / (($J$4/($J$5^2)) + ($J$3/$J$5) + $J$2) -> 0.0018252823 | G26: =$J$2*((F26-E26)/$J$6)+$J$1*F26 -> 0.012919549

Sheet Anal_Tubes
B2: Numero | C2: Diâmetro | D2: Espiras | E2: Área | F2: Resistência | G2: Peso | H2: Comprim. | I2: Corrente máxima (A) | L2: Frequência | M2: Corrente_Max | N2: Frequencia | O2: 5 % HZ | P2: Teste_HZ | Q2: Qntd_Fios | R2: Corrente_2 | S2: Qntd_Fios_2
B3: AWG | C3: (mm) | D3: por cm | E3: (mm2) | F3: (Ω/km) | G3: (kg/km) | H3: (m/kg) | I3: 2,5A/mm2 | J3: 3A/mm2 | K3: 6A/mm2 | L3: máx. (kHz) | M3: A | N3: Hz | O3: Hz | P3: - | Q3: Numero | S3: Numero
B4: 1 | C4: 7.3482 | D4: 1.361 | E4: 42.409 | F4: 0.406 | G4: 380 | H4: 2.6317 | I4: 106.022 | J4: 127.226 | K4: 254.453 | L4: 0.323 | M4: =Calculo_FlyBack_Simples!$M$17 -> 0.17933333 | N4: =Calculo_FlyBack_Simples!$I$15 -> 62.5 | O4: =N4*0.95 -> 59.375 | P4: =IF(L4>O4,"Sim","Não") -> Não | Q4: =IF(AND(P4="Sim",P3="Não"), IF(M4<=2.5,IF(ROUND(M4/I4,0)=0,1,ROUND(M4/I4,0)), IF(M4<=3,IF(ROUND(M4/J4,0)=0,1,ROUND(M4/J4,0)), IF(ROUND(M4/K4,0)=0,1,ROUND(M4/K4,0)))),"") | R4: =Calculo_FlyBack_Simples!$I$9 -> 0.05 | S4: =IF(AND(P4="Sir",P3="Não"), IF(R4<=2.5,IF(ROUND(R4/I4,0)=0,1,ROUND(R4/I4,0)), IF(R4<=3,IF(ROUND(R4/J4,0)=0,1,ROUND(R4/J4,0)), IF(ROUND(R4/K4,0)=0,1,ROUND(R4/K4,0)))),"")
B5: 2 | C5: 6.5438 | D5: 1.528 | E5: 33.632 | F5: 0.511 | G5: 301.3 | H5: 3.3185 | I5: 84.08 | J5: 100.896 | K5: 201.792 | L5: 0.407 | M5: =Calculo_FlyBack_Simples!$M$17 -> 0.17933333 | N5: =Calculo_FlyBack_Simples!$I$15 -> 62.5 | O5: =N5*0.95 -> 59.375 | P5: =IF(L5>O5,"Sim","Não") -> Não | Q5: =IF(AND(P5="Sim",P4="Não"), IF(M5<=2.5,IF(ROUND(M5/I5,0)=0,1,ROUND(M5/I5,0)), IF(M5<=3,IF(ROUND(M5/J5,0)=0,1,ROUND(M5/J5,0)), IF(ROUND(M5/K5,0)=0,1,ROUND(M5/K5,0)))),"") | R5: =Calculo_FlyBack_Simples!$I$9 -> 0.05 | S5: =IF(AND(P5="Sir",P4="Não"), IF(R5<=2.5,IF(ROUND(R5/I5,0)=0,1,ROUND(R5/I5,0)), IF(R5<=3,IF(ROUND(R5/J5,0)=0,1,ROUND(R5/J5,0)), IF(ROUND(R5/K5,0)=0,1,ROUND(R5/K5,0)))),"")
B6: 3 | C6: 5.8275 | D6: 1.716 | E6: 26.671 | F6: 0.645 | G6: 239 | H6: 4.1845 | I6: 66.679 | J6: 80.014 | K6: 160.029 | L6: 0.513 | M6: =Calculo_FlyBack_Simples!$M$17 -> 0.17933333 | N6: =Calculo_FlyBack_Simples!$I$15 -> 62.5 | O6: =N6*0.95 -> 59.375 | P6: =IF(L6>O6,"Sim","Não") -> Não | Q6: =IF(AND(P6="Sim",P5="Não"), IF(M6<=2.5,IF(ROUND(M6/I6,0)=0,1,ROUND(M6/I6,0)), IF(M6<=3,IF(ROUND(M6/J6,0)=0,1,ROUND(M6/J6,0)), IF(ROUND(M6/K6,0)=0,1,ROUND(M6/K6,0)))),"") | R6: =Calculo_FlyBack_Simples!$I$9 -> 0.05 | S6: =IF(AND(P6="Sir",P5="Não"), IF(R6<=2.5,IF(ROUND(R6/I6,0)=0,1,ROUND(R6/I6,0)), IF(R6<=3,IF(ROUND(R6/J6,0)=0,1,ROUND(R6/J6,0)), IF(ROUND(R6/K6,0)=0,1,ROUND(R6/K6,0)))),"")
B7: 4 | C7: 5.1895 | D7: 1.927 | E7: 21.152 | F7: 0.813 | G7: 189.5 | H7: 5.2765 | I7: 52.879 | J7: 63.455 | K7: 126.91 | L7: 0.647 | M7: =Calculo_FlyBack_Simples!$M$17 -> 0.17933333 | N7: =Calculo_FlyBack_Simples!$I$15 -> 62.5 | O7: =N7*0.95 -> 59.375 | P7: =IF(L7>O7,"Sim","Não") -> Não | Q7: =IF(AND(P7="Sim",P6="Não"), IF(M7<=2.5,IF(ROUND(M7/I7,0)=0,1,ROUND(M7/I7,0)), IF(M7<=3,IF(ROUND(M7/J7,0)=0,1,ROUND(M7/J7,0)), IF(ROUND(M7/K7,0)=0,1,ROUND(M7/K7,0)))),"") | R7: =Calculo_FlyBack_Simples!$I$9 -> 0.05 | S7: =IF(AND(P7="Sir",P6="Não"), IF(R7<=2.5,IF(ROUND(R7/I7,0)=0,1,ROUND(R7/I7,0)), IF(R7<=3,IF(ROUND(R7/J7,0)=0,1,ROUND(R7/J7,0)), IF(ROUND(R7/K7,0)=0,1,ROUND(R7/K7,0)))),"")
B8: 5 | C8: 4.6214 | D8: 2.164 | E8: 16.774 | F8: 1.025 | G8: 150.3 | H8: 6.6535 | I8: 41.935 | J8: 50.322 | K8: 100.645 | L8: 0.816 | M8: =Calculo_FlyBack_Simples!$M$17 -> 0.17933333 | N8: =Calculo_FlyBack_Simples!$I$15 -> 62.5 | O8: =N8*0.95 -> 59.375 | P8: =IF(L8>O8,"Sim","Não") -> Não | Q8: =IF(AND(P8="Sim",P7="Não"), IF(M8<=2.5,IF(ROUND(M8/I8,0)=0,1,ROUND(M8/I8,0)), IF(M8<=3,IF(ROUND(M8/J8,0)=0,1,ROUND(M8/J8,0)), IF(ROUND(M8/K8,0)=0,1,ROUND(M8/K8,0)))),"") | R8: =Calculo_FlyBack_Simples!$I$9 -> 0.05 | S8: =IF(AND(P8="Sir",P7="Não"), IF(R8<=2.5,IF(ROUND(R8/I8,0)=0,1,ROUND(R8/I8,0)), IF(R8<=3,IF(ROUND(R8/J8,0)=0,1,ROUND(R8/J8,0)), IF(ROUND(R8/K8,0)=0,1,ROUND(R8/K8,0)))),"")
B9: 6 | C9: 4.1155 | D9: 2.43 | E9: 13.303 | F9: 1.293 | G9: 119.2 | H9: 8.3899 | I9: 33.256 | J9: 39.908 | K9: 79.815 | L9: 1.029 | M9: =Calculo_FlyBack_Simples!$M$17 -> 0.17933333 | N9: =Calculo_FlyBack_Simples!$I$15 -> 62.5 | O9: =N9*0.95 -> 59.375 | P9: =IF(L9>O9,"Sim","Não") -> Não | Q9: =IF(AND(P9="Sim",P8="Não"), IF(M9<=2.5,IF(ROUND(M9/I9,0)=0,1,ROUND(M9/I9,0)), IF(M9<=3,IF(ROUND(M9/J9,0)=0,1,ROUND(M9/J9,0)), IF(ROUND(M9/K9,0)=0,1,ROUND(M9/K9,0)))),"") | R9: =Calculo_FlyBack_Simples!$I$9 -> 0.05 | S9: =IF(AND(P9="Sir",P8="Não"), IF(R9<=2.5,IF(ROUND(R9/I9,0)=0,1,ROUND(R9/I9,0)), IF(R9<=3,IF(ROUND(R9/J9,0)=0,1,ROUND(R9/J9,0)), IF(ROUND(R9/K9,0)=0,1,ROUND(R9/K9,0)))),"")
B10: 7 | C10: 3.665 | D10: 2.729 | E10: 10.549 | F10: 1.63 | G10: 94.52 | H10: 10.579 | I10: 26.374 | J10: 31.648 | K10: 63.297 | L10: 1.297 | M10: =Calculo_FlyBack_Simples!$M$17 -> 0.17933333 | N10: =Calculo_FlyBack_Simples!$I$15 -> 62.5 | O10: =N10*0.95 -> 59.375 | P10: =IF(L10>O10,"Sim","Não") -> Não | Q10: =IF(AND(P10="Sim",P9="Não"), IF(M10<=2.5,IF(ROUND(M10/I10,0)=0,1,ROUND(M10/I10,0)), IF(M10<=3,IF(ROUND(M10/J10,0)=0,1,ROUND(M10/J10,0)), IF(ROUND(M10/K10,0)=0,1,ROUND(M10/K10,0)))),"") | R10: =Calculo_FlyBack_Simples!$I$9 -> 0.05 | S10: =IF(AND(P10="Sir",P9="Não"), IF(R10<=2.5,IF(ROUND(R10/I10,0)=0,1,ROUND(R10/I10,0)), IF(R10<=3,IF(ROUND(R10/J10,0)=0,1,ROUND(R10/J10,0)), IF(ROUND(R10/K10,0)=0,1,ROUND(R10/K10,0)))),"")
B11: 8 | C11: 3.2638 | D11: 3.064 | E11: 8.366 | F11: 2.056 | G11: 74.96 | H11: 13.34 | I11: 20.915 | J11: 25.098 | K11: 50.197 | L11: 1.636 | M11: =Calculo_FlyBack_Simples!$M$17 -> 0.17933333 | N11: =Calculo_FlyBack_Simples!$I$15 -> 62.5 | O11: =N11*0.95 -> 59.375 | P11: =IF(L11>O11,"Sim","Não") -> Não | Q11: =IF(AND(P11="Sim",P10="Não"), IF(M11<=2.5,IF(ROUND(M11/I11,0)=0,1,ROUND(M11/I11,0)), IF(M11<=3,IF(ROUND(M11/J11,0)=0,1,ROUND(M11/J11,0)), IF(ROUND(M11/K11,0)=0,1,ROUND(M11/K11,0)))),"") | R11: =Calculo_FlyBack_Simples!$I$9 -> 0.05 | S11: =IF(AND(P11="Sir",P10="Não"), IF(R11<=2.5,IF(ROUND(R11/I11,0)=0,1,ROUND(R11/I11,0)), IF(R11<=3,IF(ROUND(R11/J11,0)=0,1,ROUND(R11/J11,0)), IF(ROUND(R11/K11,0)=0,1,ROUND(R11/K11,0)))),"")
B12: 9 | C12: 2.9065 | D12: 3.441 | E12: 6.635 | F12: 2.592 | G12: 59.45 | H12: 16.822 | I12: 16.587 | J12: 19.904 | K12: 39.808 | L12: 2.063 | M12: =Calculo_FlyBack_Simples!$M$17 -> 0.17933333 | N12: =Calculo_FlyBack_Simples!$I$15 -> 62.5 | O12: =N12*0.95 -> 59.375 | P12: =IF(L12>O12,"Sim","Não") -> Não | Q12: =IF(AND(P12="Sim",P11="Não"), IF(M12<=2.5,IF(ROUND(M12/I12,0)=0,1,ROUND(M12/I12,0)), IF(M12<=3,IF(ROUND(M12/J12,0)=0,1,ROUND(M12/J12,0)), IF(ROUND(M12/K12,0)=0,1,ROUND(M12/K12,0)))),"") | R12: =Calculo_FlyBack_Simples!$I$9 -> 0.05 | S12: =IF(AND(P12="Sir",P11="Não"), IF(R12<=2.5,IF(ROUND(R12/I12,0)=0,1,ROUND(R12/I12,0)), IF(R12<=3,IF(ROUND(R12/J12,0)=0,1,ROUND(R12/J12,0)), IF(ROUND(R12/K12,0)=0,1,ROUND(R12/K12,0)))),"")
B13: 10 | C13: 2.5883 | D13: 3.864 | E13: 5.262 | F13: 3.269 | G13: 47.14 | H13: 21.212 | I13: 13.154 | J13: 15.785 | K13: 31.57 | L13: 2.601 | M13: =Calculo_FlyBack_Simples!$M$17 -> 0.17933333 | N13: =Calculo_FlyBack_Simples!$I$15 -> 62.5 | O13: =N13*0.95 -> 59.375 | P13: =IF(L13>O13,"Sim","Não") -> Não | Q13: =IF(AND(P13="Sim",P12="Não"), IF(M13<=2.5,IF(ROUND(M13/I13,0)=0,1,ROUND(M13/I13,0)), IF(M13<=3,IF(ROUND(M13/J13,0)=0,1,ROUND(M13/J13,0)), IF(ROUND(M13/K13,0)=0,1,ROUND(M13/K13,0)))),"") | R13: =Calculo_FlyBack_Simples!$I$9 -> 0.05 | S13: =IF(AND(P13="Sir",P12="Não"), IF(R13<=2.5,IF(ROUND(R13/I13,0)=0,1,ROUND(R13/I13,0)), IF(R13<=3,IF(ROUND(R13/J13,0)=0,1,ROUND(R13/J13,0)), IF(ROUND(R13/K13,0)=0,1,ROUND(R13/K13,0)))),"")
B14: 11 | C14: 2.305 | D14: 4.338 | E14: 4.173 | F14: 4.122 | G14: 37.39 | H14: 26.747 | I14: 10.432 | J14: 12.518 | K14: 25.036 | L14: 3.28 | M14: =Calculo_FlyBack_Simples!$M$17 -> 0.17933333 | N14: =Calculo_FlyBack_Simples!$I$15 -> 62.5 | O14: =N14*0.95 -> 59.375 | P14: =IF(L14>O14,"Sim","Não") -> Não | Q14: =IF(AND(P14="Sim",P13="Não"), IF(M14<=2.5,IF(ROUND(M14/I14,0)=0,1,ROUND(M14/I14,0)), IF(M14<=3,IF(ROUND(M14/J14,0)=0,1,ROUND(M14/J14,0)), IF(ROUND(M14/K14,0)=0,1,ROUND(M14/K14,0)))),"") | R14: =Calculo_FlyBack_Simples!$I$9 -> 0.05 | S14: =IF(AND(P14="Sir",P13="Não"), IF(R14<=2.5,IF(ROUND(R14/I14,0)=0,1,ROUND(R14/I14,0)), IF(R14<=3,IF(ROUND(R14/J14,0)=0,1,ROUND(R14/J14,0)), IF(ROUND(R14/K14,0)=0,1,ROUND(R14/K14,0)))),"")
B15: 12 | C15: 2.0526 | D15: 4.872 | E15: 3.309 | F15: 5.198 | G15: 29.65 | H15: 33.727 | I15: 8.273 | J15: 9.927 | K15: 19.855 | L15: 4.136 | M15: =Calculo_FlyBack_Simples!$M$17 -> 0.17933333 | N15: =Calculo_FlyBack_Simples!$I$15 -> 62.5 | O15: =N15*0.95 -> 59.375 | P15: =IF(L15>O15,"Sim","Não") -> Não | Q15: =IF(AND(P15="Sim",P14="Não"), IF(M15<=2.5,IF(ROUND(M15/I15,0)=0,1,ROUND(M15/I15,0)), IF(M15<=3,IF(ROUND(M15/J15,0)=0,1,ROUND(M15/J15,0)), IF(ROUND(M15/K15,0)=0,1,ROUND(M15/K15,0)))),"") | R15: =Calculo_FlyBack_Simples!$I$9 -> 0.05 | S15: =IF(AND(P15="Sir",P14="Não"), IF(R15<=2.5,IF(ROUND(R15/I15,0)=0,1,ROUND(R15/I15,0)), IF(R15<=3,IF(ROUND(R15/J15,0)=0,1,ROUND(R15/J15,0)), IF(ROUND(R15/K15,0)=0,1,ROUND(R15/K15,0)))),"")
... B47: 44 | C47: 0.05024 | D47: 199.048 | E47: 0.00198 | F47: 8676.677 | G47: 0.01776 | H47: 56301.1 | I47: 0.00496 | J47: 0.00595 | K47: 0.0119 | L47: 6904.681 | M47: =Calculo_FlyBack_Simples!$M$17 -> 0.17933333 | N47: =Calculo_FlyBack_Simples!$I$15 -> 62.5 | O47: =N47*0.95 -> 59.375 | P47: =IF(L47>O47,"Sim","Não") -> Sim | Q47: =IF(AND(P47="Sim",P46="Não"), IF(M47<=2.5,IF(ROUND(M47/I47,0)=0,1,ROUND(M47/I47,0)), IF(M47<=3,IF(ROUND(M47/J47,0)=0,1,ROUND(M47/J47,0)), IF(ROUND(M47/K47,0)=0,1,ROUND(M47/K47,0)))),"") | R47: =Calculo_FlyBack_Simples!$I$9 -> 0.05 | S47: =IF(AND(P47="Sir",P46="Não"), IF(R47<=2.5,IF(ROUND(R47/I47,0)=0,1,ROUND(R47/I47,0)), IF(R47<=3,IF(ROUND(R47/J47,0)=0,1,ROUND(R47/J47,0)), IF(ROUND(R47/K47,0)=0,1,ROUND(R47/K47,0)))),"")

Sheet Calculo_Flyback
A1: AAAAAA | E1: AAAAAA | F1: aaaaaaaaa | G1: aaaaaa | H1: aaaaaaa | I1: AAAAAA | M1: AAAAAA | Q1: AAAAAA | U1: AAAAAA
B2: Dados Basicos do Projeto | F2: Cálculo do Fio Mínimo Bobina | J2: Método Contínuo (MCLYMAN) | N2: Dados da Toroide Utilizada | R2: Calculos do Transformador Secundario 1 (Vout1) | V2: Calculos Gerais do Transformador
B3: Parametro | C3: Valor | D3: Unidade | F3: Parametro | G3: Valor | H3: Unidade | J3: Correntes do Primário | N3: Parametro | O3: Valor | P3: Unidade | R3: Parametro | S3: Valor | T3: Unidade | V3: Parametro | W3: Valor | X3: Unidade
B4: V in(max) | C4: =Dados_Projeto!D4 -> 12 | D4: V | F4: Profundidade de Penetração | G4: =6.62/SQRT(C25) -> 0.041868556 | H4: cm | J4: Parametro | K4: Valor | L4: Unidade | N4: Core Number | O4: T106-26 | R4: Numero de Espiras Secundario 1 Ns1 | S4: =(O33*(C12+C11)*(1-C21-C22))/(C6*C21) -> #REF! | T4: Voltas | V4: Espiras Primario | W4: =O25*O33 -> #REF! | X4: Voltas
B5: V in rms | C5: =Dados_Projeto!D5 -> 12 | D5: V | F5: Diametro do Fio | G5: =2*G4 -> 0.083737112 | H5: cm | J5: D min | K5: =(C6/C4)*C21 -> 0.7 | N5: Fabricante | O5: Magnetics | R5: Numero de Espiras Secundario 1 Ns1 | S5: =ROUND(S4,0) -> #REF! | T5: Voltas | V5: Espiras S1 Secundario | W5: =S5*S10 -> #REF! | X5: Voltas
B6: V in(min) | C6: =Dados_Projeto!D6 -> 12 | D6: V | F6: Área do Fio (Aw) | G6: =ROUND((PI()*G5^2)/4,5) -> 0.00551 | H6: cm² | J6: T off (max) | K6: =C31*(1-K5) -> 1.2e-05 | L6: s | N6: Material | O6: Iron Powder | R6: Corrente de Pico Is1(pk) | S6: =(2*C14)/(1-C21-C22) -> #REF! | T6: A | V6: Espiras S2 Secundario | W6: =S18*S23 -> #REF! | X6: Voltas
B7: R in rms | C7: =ROUND(C5/C8,2) -> 0.05 | D7: Ω | F7: Fio Mínimo Escolhido | J7: Lm rms Calc 1 | K7: =ROUND((((C4*K5)^2)*C31)/(2*C10),9) -> 4.95e-07 | L7: H | N7: MPL | O7: =_xlfn.XLOOKUP(O4,Toroide_Iron_Powder!H:H,Toroide_Iron_Powder!L:L,"",0,1) -> 6.49 | P7: cm | R7: Corrente de RMS Is1(rms) | S7: =ROUND(S6*SQRT((1-C21-C22)/3),2) -> #REF! | T7: A | V7: Total Espiras | W7: =SUM(W4:W6) -> #REF! | X7: Voltas
B8: I in (max) | C8: =ROUND(C20/(C6*C9%),2) -> 237.5 | D8: A | F8: Área do Fio (AWG) Mínimo | G8: =INDEX(AWG!O:O,MATCH("Sim",AWG!Q:Q,0)) -> 0.00205 | H8: cm² | J8: Lm rms Contínuo | K8: =IF(C28="Contínuo",G21,K7) -> 0.00056375839 | L8: H | N8: Core Weight | O8: =_xlfn.XLOOKUP(O4,Toroide_Iron_Powder!H:H,Toroide_Iron_Powder!J:J,"",0,1) -> 29.94 | P8: gramas | R8: Area do Fio Secundario Asw1(b) | S8: =ROUND(S7/O22,5) -> #REF! | T8: cm² | V8: Ku total | W8: =W7*G12/O12 -> #REF! | X8: constante
B9: n eficiência | C9: =Dados_Projeto!D26 -> 1 | D9: % | F9: Fio AWG | G9: =INDEX(AWG!B:B,MATCH("Sim",AWG!Q:Q,0)) -> 24 | H9: AWG | J9: Lm rms | K9: =K8*1000000 -> 563.75839 | L9: uH | N9: Copper Weight Wteu | O9: =_xlfn.XLOOKUP(O4,Toroide_Iron_Powder!H:H,Toroide_Iron_Powder!I:I,"",0,1) -> 23.05 | P9: gramas | R9: Numero de Fios Paralelos Sn S1 | S9: =S8/G12 -> #REF! | T9: fios | V9: Perda Total de Cobre | W9: =S13+S26+O37 -> #REF! | X9: W
B10: P in rms | C10: =ROUND(C20/C9%,2) -> 2850 | D10: W | F10: Resistência | G10: =INDEX(AWG!E:E,MATCH("Sim",AWG!Q:Q,0)) -> 842.1 | H10: uΩ/cm 22º C | J10: ∆ Lm rms | K10: =ROUND((C31*C6*C21)/K8,2) -> 0.6 | L10: A | N10: MLT | O10: =_xlfn.XLOOKUP(O4,Toroide_Iron_Powder!H:H,Toroide_Iron_Powder!K:K,"",0,1) -> 3.93 | P10: cm | R10: Numero de Fios Paralelos Sn S1 | S10: =ROUND(S9,0) -> #REF! | T10: fios | V10: Regulação Alpha | W10: =W9/C20 -> #REF! | X10: %
B11: V diodo | C11: =Dados_Projeto!D27 -> 0.7 | D11: V | F11: Fio AWG Escolhido | G11: =Dados_Projeto!#REF! -> #REF! | H11: AWG | J11: I in (max) | K11: =C8 -> 237.5 | L11: A | N11: Iron Area Ac | O11: =_xlfn.XLOOKUP(O4,Toroide_Iron_Powder!H:H,Toroide_Iron_Powder!O:O,"",0,1) -> 0.659 | P11: cm² | R11: Novo S1 micro Ohm | S11: =ROUND(G13/S10,0) -> #REF! | T11: uΩ/cm 22º C | V11: Densidade de Fluxo Ac, Bac | W11: =(0.4*PI()*O33*O31*(K12/2)*10^-4)/(O29+(O7/O16)) -> #REF! | X11: Testa
B12: V out (1) | C12: 5 | D12: V | F12: Área do Fio (AWG) Mínimo | G12: =_xlfn.XLOOKUP(G11,AWG!B6:B40,AWG!O6:O40,"",0,1) -> #REF! | H12: cm² | J12: I p(pk) primary | K12: =IF(C28="Contínuo",ROUND((C8/C21)+(K10/2),2),K21) -> 339.59 | L12: A | N12: Window Area Wa | O12: =_xlfn.XLOOKUP(O4,Toroide_Iron_Powder!H:H,Toroide_Iron_Powder!P:P,"",0,1) -> 1.65 | P12: cm² | R12: Nova resistencia do Secundario S1 | S12: =O10*S5*S11*10^-6 -> #REF! | T12: Ω | V12: Perda em Watts por Kilograma WK | W12: =ROUND(4.855*(10^-5)*(C25^1.63)*(W11^2.62),1) -> #REF! | X12: Watts/grama
B13: R out (1) | C13: 1 | D13: Ω | F13: Resistência | G13: =_xlfn.XLOOKUP(G11,AWG!B6:B40,AWG!E6:E40,"",0,1) -> #REF! | H13: uΩ/cm 22º C | J13: I p(rms - pk) primary | K13: =IF(C28="Contínuo",ROUND(K12*SQRT((C32/(3*C31))),2),K22) -> 164.04 | L13: A | N13: Area Product Ap | O13: =_xlfn.XLOOKUP(O4,Toroide_Iron_Powder!H:H,Toroide_Iron_Powder!Q:Q,"",0,1) -> 1.08766 | P13: cm⁴ | R13: Perda de Cobre do Secundario S1 | S13: =ROUND((S7^2)*S12,4) -> #REF! | T13: W | V13: Perda no núcleo | W13: =W12*O8*10^-3 -> #REF! | X13: W
B14: I out (1) | C14: =ROUND(C12/C13,2) -> 5 | D14: A | N14: Core Geometry Kg | O14: =_xlfn.XLOOKUP(O4,Toroide_Iron_Powder!H:H,Toroide_Iron_Powder!R:R,"",0,1) -> 0.07299 | P14: cm⁵ | V14: Perda do Núcleo + Cobre | W14: =W13+W9 -> #REF! | X14: W
B15: P out (1) | C15: =ROUND((C11+C12)*C14,2) -> 28.5 | D15: W | F15: Teste do Modo de Operação | J15: Método Descontínuo (MCLYMAN) | N15: Surface Area At | O15: =_xlfn.XLOOKUP(O4,Toroide_Iron_Powder!H:H,Toroide_Iron_Powder!S:S,"",0,1) -> 38 | P15: cm | R15: Calculos do Transformador Secundario 2 (Vout2) | V15: Densidade de Potencia tridente | W15: =W14/O15 -> #REF! | X15: W/cm²
B16: V out (2) | C16: 0 | D16: V | F16: Parametro | G16: Valor | H16: Unidade | J16: Correntes do Primário | N16: Core Permeability | O16: 2500 | R16: Parametro | S16: Valor | T16: Unidade | V16: Elevação de Temperatura | W16: =ROUND(450*(W15^0.826),1) -> #REF! | X16: ºC
B17: R out (2) | C17: 0 | D17: Ω | F17: N2/N1 | G17: =(C12/C5)*((1-C21)/C21) -> 0.17857143 | H17: - | J17: Parametro | K17: Valor | L17: Unidade | N17: Winding Leangth G | O17: 0.62 | P17: cm | R17: Numero de Espiras Secundario 1 Ns1 | S17: =(O33*(C16+C11)*(1-C21-C22))/(C6*C21) -> #REF! | T17: Voltas
B18: I out (2) | C18: =IF(OR(C17=0,C16=0),0,C16/C17) -> 0 | D18: A | F18: N1/N2 | G18: =1/G17 -> 5.6 | H18: - | J18: L p max | K18: =ROUND((C7*C31*C21^2)/2,9) -> 4.9e-07 | L18: H | N18: Al do Núcleo | O18: 93 | P18: nH/Np² | R18: Numero de Espiras Secundario 1 Ns1 | S18: =ROUND(S17,0) -> #REF! | T18: Voltas | V18: Calculos Gerais do Capacitor Out
B19: P out (2) | C19: =(C16+C11)*C18 -> 0 | D19: W | F19: I Lm | G19: =ROUND((C12^2)/(C5*C21*C13),2) -> 2.98 | H19: A | J19: L p max | K19: =K18*1000000 -> 0.49 | L19: uH | R19: Corrente de Pico Is1(pk) | S19: =(2*C18)/(1-C21-C22) -> #REF! | T19: A | V19: Parametro | W19: Valor | X19: Unidade
B20: P out max | C20: =ROUND(C19+C15,1) -> 28.5 | D20: W | F20: ∆ I Lm | G20: =G19*C23% -> 0.596 | H20: A | J20: I in (max) | K20: =C8 -> 237.5 | L20: A | N20: Calculos do Transformador Primario | R20: Corrente de RMS Is1(rms) | S20: =ROUND(S19*SQRT((1-C21-C22)/3),3) -> #REF! | T20: A | V20: I Lm | W20: =G25 -> 0 | X20: A
B21: D (Max) | C21: =Dados_Projeto!D28 -> 0.7 | F21: Lm | G21: =(C5*C21)/(G20*C25) -> 0.00056375839 | H21: H | J21: I p(pk) primary | K21: =ROUND((2*C20*C31)/((C9%)*C6*C32),2) -> 678.57 | L21: A | N21: Parametro | O21: Valor | P21: Unidade | R21: Area do Fio Secundario Asw1(b) | S21: =ROUND(S20/O22,5) -> #REF! | T21: cm² | V21: ∆ I Lm | W21: =ROUND((C5*C21)/(K8*C25),2) -> 0.6 | X21: A
B22: D (well) | C22: =Dados_Projeto!#REF! -> #REF! | F22: Lm | G22: =ROUND(G21*1000000,0) -> 564 | H22: uH | J22: I p(rms - pk) primary | K22: =ROUND(K21*SQRT((C32/(3*C31))),2) -> 327.78 | L22: A | N22: Energia J | O22: =ROUNDUP((2*(K25)*10^4)/(C27*K28*O13),0) -> #REF! | P22: amps/cm² | R22: Numero de Fios Paralelos Sn S1 | S22: =S21/G12 -> #REF! | T22: fios | V22: I lm máx | W22: =W21+(W20/2) -> 0.6 | X22: A
B23: ∆ I Lm | C23: 20 | D23: % | F23: I Lm mín | G23: =G19-(G20/2) -> 2.682 | H23: A | N23: Primary Area Apw(B) | O23: =K13/O22 -> #REF! | P23: cm² | R23: Numero de Fios Paralelos Sn S1 | S23: =ROUND(S22,0) -> #REF! | T23: fios | V23: ∆ ic | W23: =G28*G31 -> 7692.8571 | X23: A
B24: Frequência | C24: 25 | D24: kH | F24: I Lm máx | G24: =G19+(G20/2) -> 3.278 | H24: A | J24: Dados Iniciais para Escolha do Indutor Acoplado | N24: Nº de Fios em Paralelo Primario Snp | O24: =O23/G12 -> #REF! | P24: fios | R24: Novo S1 micro Ohm | S24: =IF(S23=0,0,ROUND(G13/S23,0)) -> #REF! | T24: uΩ/cm 22º C | V24: ∆ V0, ESR | W24: =C26%*C12 -> #REF! | X24: V
B25: Frequência | C25: =C24*1000 -> 25000 | D25: H | F25: Modo de Operação Segundo Hart | J25: Capacidade de manuseio Energia | K25: =ROUND((K8*(K12^2))/2,7) -> 32.506694 | L25: W*s | N25: Nº de Fios em Paralelo Primario Snp | O25: =ROUND(O24,0) -> #REF! | P25: fios | R25: Nova resistencia do Secundario S1 | S25: =ROUND(O10*S18*S24*10^-6,4) -> #REF! | T25: Ω | V25: rc | W25: =W24/W23 -> #REF! | X25: Ω
B26: Regulação | C26: =Dados_Projeto!#REF! -> #REF! | D26: % | F26: =IF(G23<0,"Descontínuo","Contínuo") -> Contínuo | J26: Condições Eletricas Ke | K26: =ROUND((0.145*C20*(C27^2)*10^-4),7) -> 2.58e-05 | N26: Área destinada ao Primario | O26: =O12/2 -> 0.825 | P26: cm² | R26: Perda de Cobre do Secundario S1 | S26: =ROUND((S20^2)*S25,4) -> #REF! | T26: W | V26: C | W26: =(10^-5)/W25 -> #REF! | X26: F
B27: Bmax | C27: 0.25 | D27: Tesla | F27: Definindo o Núcleo | J27: Geometria do Núcleo Kg | K27: =(K25^2)/(K26) -> 40956790 | L27: cm⁵ | N27: Nº de Espiras do Primario Np | O27: =(K28*O26)/(O25*G12) -> #REF! | P27: voltas | V27: C Comercial | W27: =INDEX(Tabela3[Em Faraday],MATCH("Sim",Tabela3[C_TCC],0)) -> 3.3e-05 | X27: F
B28: Tipo da Condução | C28: =Dados_Projeto!D30 -> Contínuo | F28: Al do Núcleo | G28: 3590 | H28: nH/Np² | J28: Ku utilizado no Livro Exemplo | K28: =IF(C29="Toroidal",_xlfn.XLOOKUP(G11,AWG!B6:B40,AWG!AC6:AC40,"",0,1),_xlfn.XLOOKUP(G11,AWG!B6:B40,AWG!AB6:AB40,"",0,1)) -> #REF! | N28: Nº de Espiras do Primario Np | O28: =ROUND(O27,0) -> #REF! | P28: voltas | V28: ∆ Vout / Vo | W28: =ROUND(C21/(C13*(W27)*C25),4) -> 0.8485
B29: Tipo do Ferrite | C29: =Dados_Projeto!D31 -> Toroidal | F29: Lm | G29: =G22*1000 -> 564000 | H29: nH | J29: Fator Multiplicador Acima de 100 kHz | K29: =IF(C24>=100,1.35,1) -> 1 | N29: Espaçamento Necessario Ig | O29: =ROUND(((0.4*PI()*(O28^2)*O11*(10^-8))/K8)-(O7/O16),4) -> #REF! | P29: cm | V29: ∆ Vout / Vo | W29: =W28*100 -> 84.85 | X29: %
B30: Calculos Periodo | F30: Número de Voltas Primário | G30: =ROUNDDOWN(SQRT(G29/G28),0) -> 12 | H30: Voltas | J30: Geometria do Núcleo Kg final | K30: =IF(C24>=100,K27*K29,K27*K29) -> 40956790 | L30: cm⁵ | N30: Espaçamento Necessario Ig em mils | O30: =ROUND(O29*393.7,0) -> #REF! | V30: Teste ∆ Vout / Vo | W30: =IF(W29>C26,"Real > Proj","Real < Proj") -> #REF!
B31: Periodo T | C31: =1/C25 -> 4e-05 | D31: s | F31: Número de Voltas Secundáio | G31: =G30*G17 -> 2.1428571 | H31: Voltas | J31: Geometria do Núcleo Kg escolhida | K31: =O14 -> 0.07299 | L31: cm⁵ | N31: Espalhamento de Fluxo F | O31: =ROUND(1+(O29/SQRT(K28))*LN((2*O17)/O29),1) -> #REF!
B32: Ton | C32: =C21*C31 -> 2.8e-05 | D32: s | F32: Qntd Fios | G32: 3 | H32: Fios | J32: % do Projeto em Cima do Indutor | K32: =(K30/K31)*100 -> 5.6112878e+10 | L32: % | N32: Novo Número de Espiras | O32: =SQRT((O29*K8)/(0.4*PI()*O11*O31*10^-8)) -> #REF! | P32: voltas | V32: Calculos Gerais do Cirucito Snubber Toff
B33: Toff | C33: =C31*(1-C21-C22) -> #REF! | D33: s | F33: Qual Fio | G33: 20 | H33: AWG | J33: Geometria do Núcleo Kg final | K33: =IF(K30>K31,"Proj > Indutor","Proj < Indutor") -> Proj > Indutor | N33: Novo Número de Espiras true N np | O33: =ROUND(O32,0) -> #REF! | P33: voltas | V33: Parametro | W33: Valor | X33: Unidade
B34: T perdido Well | C34: =C31-(C33+C32) -> #REF! | D34: s | N34: Densidade do Fluxo do Primario Bpk | O34: =ROUND((0.4*PI()*O33*O31*K12*10^-4)/(O29+O7/O16),3) -> #REF! | P34: Tesla | V34: V máx B Transistor | W34: 75 | X34: V | Y34: *pegar no datasheet
J35: Energia | K35: Lm | N35: Nova resistencia do Primario p/ Fio | O35: =ROUND(G13/O25,0) -> #REF! | P35: uΩ/cm 22º C | V35: Taxa Segurança Vsn | W35: 20 | X35: %
J36: =SQRT(K31*K26) -> 0.0013722762 | K36: =((J36*2)/(K21^2)) -> 5.9604935e-09 | N36: Nova resistencia do Primario Rp | O36: =ROUND(O10*O33*O35*10^-6,4) -> #REF! | P36: Ω | V36: Vsn sem a Taxa | W36: =W34*(100%-W35%) -> 60 | X36: V
F37: Modo de Operação Segundo Hart | N37: Perda de Cobre do Primario | O37: =ROUND(K13^2*O36,4) -> #REF! | P37: W | V37: ∆ V sn | W37: 5 | X37: % | Y37: 5 a 10 segundo o filchild
B38: Vdc min | C38: =C6 -> 12 | F38: =IF(G32<0,"Descontínuo","Contínuo") -> Contínuo | V38: V ro (Dissipada) | W38: =(C11+C12)*G18 -> 31.92 | X38: V
B39: Vro | C39: =C12 -> 5 | V39: Potencia Dissipada | W39: =(1/2)*C25*G21*(K21^2)*(W36/(W36-W38)) -> 6933403.7 | X39: W
B40: Ipk | C40: =K21 -> 678.57 | V40: R snubber | W40: =ROUND((W36^2)/W39,2) -> 0 | X40: Ω
B41: Lik | C41: =K8 -> 0.00056375839 | V41: C snubber | W41: =W36/((W37%*W35)*W40*C25) -> #DIV/0! | X41: F
B42: fs | C42: =C25 -> 25000 | V42: C snubber | W42: =ROUND(W41*1000000,2) -> #DIV/0! | X42: uF
B43: Bvds | C43: 75 | V43: C snubber comercial | W43: =INDEX(Tabela3[Em Faraday],MATCH("Sim",Tabela3[C_Sb_off],0)) -> 4.7e-10 | X43: F
B44: Vsn​ | C44: =C43*0.8 -> 60 | D44: 0.2 | V44: C snubber comercial | W44: =ROUND(W43*1000000,2) -> 0 | X44: uF
B45: DeltaVsn | C45: 0.05 | V45: R snubber comercial | X45: Ω

Sheet Calculo_Flyback_MCLYMAN
A1: AAAAAA | E1: AAAAAA | F1: aaaaaaaaa | G1: aaaaaa | H1: aaaaaaa | I1: AAAAAA | M1: AAAAAA | Q1: AAAAAA | U1: AAAAAA
B2: Dados Basicos do Projeto | F2: Cálculo do Fio Mínimo Bobina | J2: Método Contínuo (MCLYMAN) | N2: Dados da Toroide Utilizada | R2: Calculos do Transformador Secundario 1 (Vout1) | V2: Calculos Gerais do Transformador
B3: Parametro | C3: Valor | D3: Unidade | F3: Parametro | G3: Valor | H3: Unidade | J3: Correntes do Primário | N3: Core Number | O3: EFD-20 | R3: Numero de Espiras Secundario 1 Ns1 | S3: =(O30*(C12+C11)*(1-C21-C22))/(C6*C21) -> 3.2 | T3: Voltas | V3: Espiras Primario | W3: =O22*O30 -> 48 | X3: Voltas
B4: V in(max) | C4: 32 | D4: V | F4: Profundidade de Penetração | G4: =6.62/SQRT(C24) -> 0.020934278 | H4: cm | J4: Parametro | K4: Valor | L4: Unidade | N4: Fabricante | O4: Philips | R4: Numero de Espiras Secundario 1 Ns1 | S4: =ROUND(S3,0) -> 3 | T4: Voltas | V4: Espiras S1 Secundario | W4: =S4*S9 -> 24 | X4: Voltas
B5: V in rms | C5: 28 | D5: V | F5: Diametro do Fio | G5: =2*G4 -> 0.041868556 | H5: cm | J5: D min | K5: =(C6/C4)*C21 -> 0.375 | N5: Material | O5: 3C85 | R5: Corrente de Pico Is1(pk) | S5: =(2*C14)/(1-C21-C22) -> 10 | T5: A | V5: Espiras S2 Secundario | W5: =S16*S21 -> 14 | X5: Voltas
B6: V in(min) | C6: 24 | D6: V | F6: Área do Fio (Aw) | G6: =ROUND((PI()*G5^2)/4,5) -> 0.00138 | H6: cm² | J6: T off (max) | K6: =C30*(1-K5) -> 6.25e-06 | L6: s | N6: MPL | O6: 4.7 | P6: cm | R6: Corrente de RMS Is1(rms) | S6: =ROUND(S5*SQRT((1-C21-C22)/3),2) -> 3.65 | T6: A | V6: Total Espiras | W6: =SUM(W3:W5) -> 86 | X6: Voltas
B7: R in rms | C7: 28 | D7: Ohm | F7: Fio Mínimo Escolhido | J7: Lm rms Calc 1 | K7: =ROUND((((C4*K5)^2)*C30)/(2*C10),9) -> 3.5019e-05 | L7: H | N7: Core Weight | O7: 7 | P7: gramas | R7: Area do Fio Secundario Asw1(b) | S7: =ROUND(S6/O19,5) -> 0.00995 | T7: cm² | V7: Ku total | W7: =W6*G12/O11 -> 0.21972056 | X7: constante
B8: I in (max) | C8: 0.86 | D8: A | F8: Área do Fio (AWG) Mínimo | G8: =INDEX(AWG!O:O,MATCH("Sim",AWG!S:S,0)) -> 0.00128 | H8: cm² | J8: Lm rms Contínuo | K8: =IF(C27="Contínuo",G29,K7) -> 3.5019e-05 | L8: H | N8: Copper Weight Wteu | O8: 6.8 | P8: gramas | R8: Numero de Fios Paralelos Sn S1 | S8: =S7/G12 -> 7.7734375 | T8: fios | V8: Perda Total de Cobre | W8: =S12+S24+O34 -> 0.0937 | X8: W
B9: n eficiência | C9: 90 | D9: % | F9: Fio AWG | G9: =INDEX(AWG!B:B,MATCH("Sim",AWG!S:S,0)) -> 26 | H9: AWG | J9: Lm rms | K9: =K8*1000000 -> 35.019 | L9: uH | N9: MLT | O9: 3.8 | P9: cm | R9: Numero de Fios Paralelos Sn S1 | S9: =ROUND(S8,0) -> 8 | T9: fios | V9: Regulação Alpha | W9: =W8/C20 -> 0.0050648649 | X9: %
B10: P in rms | C10: 20.56 | D10: W | F10: Resistência | G10: =INDEX(AWG!E:E,MATCH("Sim",AWG!S:S,0)) -> 1345 | H10: uΩ/cm 22º C | J10: ∆ Lm rms | K10: =ROUND((C30*C6*C21)/K8,2) -> 3.43 | L10: A | N10: Iron Area Ac | O10: 0.31 | P10: cm² | R10: Novo S1 micro Ohm | S10: =ROUND(G13/S9,0) -> 168 | T10: uΩ/cm 22º C | V10: Densidade de Fluxo Ac, Bac | W10: =(0.4*PI()*O30*O28*(K12/2)*10^-4)/(O26+(O6/O15)) -> 0.11156485 | X10: Testa
B11: V diodo | C11: 1 | D11: V | F11: Fio AWG Escolhido | G11: =G9 -> 26 | H11: AWG | J11: I in (max) | K11: =C8 -> 0.86 | L11: A | N11: Window Area Wa | O11: 0.501 | P11: cm² | R11: Nova resistencia do Secundario S1 | S11: =O9*S4*S10*10^-6 -> 0.0019152 | T11: Ω | V11: Perda em Watts por Kilograma WK | W11: =ROUND(4.855*(10^-5)*(C24^1.63)*(W10^2.62),1) -> 21.9 | X11: Watts/grama
B12: V out (1) | C12: 5 | D12: V | F12: Área do Fio (AWG) Mínimo | G12: =_xlfn.XLOOKUP(G11,AWG!B6:B40,AWG!O6:O40,"",0,1) -> 0.00128 | H12: cm² | J12: I p(pk) primary | K12: =IF(C27="Contínuo",ROUND((C8/C21)+(K10/2),2),K21) -> 3.43 | L12: A | N12: Area Product Ap | O12: 0.155 | P12: cm⁴ | R12: Perda de Cobre do Secundario S1 | S12: =ROUND((S6^2)*S11,4) -> 0.0255 | T12: W | V12: Perda no núcleo | W12: =W11*O7*10^-3 -> 0.1533 | X12: W
B13: R out (1) | C13: 2.5 | D13: Ohm | F13: Resistência | G13: =_xlfn.XLOOKUP(G11,AWG!B6:B40,AWG!E6:E40,"",0,1) -> 1345 | H13: uΩ/cm 22º C | J13: I p(rms - pk) primary | K13: =IF(C27="Contínuo",ROUND(K12*SQRT((C31/(3*C30))),2),K22) -> 1.4 | L13: A | N13: Core Geometry Kg | O13: 0.00506 | P13: cm⁵ | V13: Perda do Núcleo + Cobre | W13: =W12+W8 -> 0.247 | X13: W
B14: I out (1) | C14: 2 | D14: A | N14: Surface Area At | O14: 13.3 | P14: cm | R14: Calculos do Transformador Secundario 2 (Vout2) | V14: Densidade de Potencia tridente | W14: =W13/O14 -> 0.018571429 | X14: W/cm²
B15: P out (1) | C15: 12 | D15: W | F15: Teste do Modo de Operação | J15: Método Descontínuo (MCLYMAN) | N15: Core Permeability | O15: 2500 | R15: Numero de Espiras Secundario 1 Ns1 | S15: =(O30*(C16+C11)*(1-C21-C22))/(C6*C21) -> 6.9333333 | T15: Voltas | V15: Elevação de Temperatura | W15: =ROUND(450*(W14^0.826),1) -> 16.7 | X15: ºC
B16: V out (2) | C16: 12 | D16: V | F16: Parametro | G16: Valor | H16: Unidade | J16: Correntes do Primário | N16: Winding Leangth G | O16: 1.54 | P16: cm | R16: Numero de Espiras Secundario 1 Ns1 | S16: =ROUND(S15,0) -> 7 | T16: Voltas
B17: R out (2) | C17: 24 | D17: Ohm | F17: I Lm | G17: =ROUND((C12^2)/(C5*C21*C13),2) -> 0.71 | H17: A | J17: Parametro | K17: Valor | L17: Unidade | R17: Corrente de Pico Is1(pk) | S17: =(2*C18)/(1-C21-C22) -> 2.5 | T17: A | V17: Calculos Gerais do Capacitor Out
B18: I out (2) | C18: 0.5 | D18: A | F18: ∆ I Lm | G18: =ROUND((C5*C21)/(K7*C24),2) -> 4 | H18: A | J18: L p max | K18: =ROUND((C7*C30*C21^2)/2,9) -> 3.5e-05 | L18: H | N18: Calculos do Transformador Primario | R18: Corrente de RMS Is1(rms) | S18: =ROUND(S17*SQRT((1-C21-C22)/3),3) -> 0.913 | T18: A | V18: I Lm | W18: =G25 -> 0.71 | X18: A
B19: P out (2) | C19: 6.5 | D19: W | F19: I Lm mín | G19: =G17-(G18/2) -> -1.29 | H19: A | J19: L p max | K19: =K18*1000000 -> 35 | L19: uH | N19: Energia J | O19: =ROUNDUP((2*(K25)*10^4)/(C26*K28*O12),0) -> 367 | P19: amps/cm² | R19: Area do Fio Secundario Asw1(b) | S19: =ROUND(S18/O19,5) -> 0.00249 | T19: cm² | V19: ∆ I Lm | W19: =ROUND((C5*C21)/(K8*C24),2) -> 4 | X19: A
B20: P out max | C20: 18.5 | D20: W | F20: I Lm máx | G20: =G17+(G18/2) -> 2.71 | H20: A | J20: I in (max) | K20: =C8 -> 0.86 | L20: A | N20: Primary Area Apw(B) | O20: =ROUND(K13/O19,5) -> 0.00381 | P20: cm² | R20: Numero de Fios Paralelos Sn S1 | S20: =S19/G12 -> 1.9453125 | T20: fios | V20: I lm máx | W20: =W19+(W18/2) -> 4.355 | X20: A
B21: D (Max) | C21: 0.5 | F21: Modo de Operação Segundo Hart | J21: I p(pk) primary | K21: =ROUND((2*C20*C30)/((C9%)*C6*C31),2) -> 3.43 | L21: A | N21: Nº de Fios em Paralelo Primario Snp | O21: =O20/G12 -> 2.9765625 | P21: fios | R21: Numero de Fios Paralelos Sn S1 | S21: =ROUND(S20,0) -> 2 | T21: fios | V21: ∆ ic | W21: =G28*G31 -> 0.38589286 | X21: A
B22: D (well) | C22: 0.1 | F22: =IF(G19<0,"Descontínuo","Contínuo") -> Descontínuo | J22: I p(rms - pk) primary | K22: =ROUND(K21*SQRT((C31/(3*C30))),2) -> 1.4 | L22: A | N22: Nº de Fios em Paralelo Primario Snp | O22: =ROUND(O21,0) -> 3 | P22: fios | R22: Novo S1 micro Ohm | S22: =IF(S21=0,0,ROUND(G13/S21,0)) -> 673 | T22: uΩ/cm 22º C | V22: ∆ V0, ESR | W22: =C25%*C12 -> 0.1 | X22: V
B23: Frequência | C23: 100 | D23: kH | F23: Caso Escolha Método Contínuo | N23: Área destinada ao Primario | O23: =O11/2 -> 0.2505 | P23: cm² | R23: Nova resistencia do Secundario S1 | S23: =ROUND(O9*S16*S22*10^-6,4) -> 0.0179 | T23: Ω | V23: rc | W23: =W22/W21 -> 0.25913929 | X23: Ω
B24: Frequência | C24: 100000 | D24: H | F24: % Acima de 0 I LM min | G24: 140 | H24: % | J24: Dados Iniciais para Escolha do Indutor Acoplado | N24: Nº de Espiras do Primario Np | O24: =(K28*O23)/(O22*G12) -> 18.917969 | P24: voltas | R24: Perda de Cobre do Secundario S1 | S24: =ROUND((S18^2)*S23,4) -> 0.0149 | T24: W | V24: C | W24: =(10^-5)/W23 -> 3.8589286e-05 | X24: F
B25: Regulação | C25: 2 | D25: % | F25: I Lm | G25: =ROUND((C12^2)/(C5*C21*C13),2) -> 0.71 | H25: A | J25: Capacidade de manuseio Energia | K25: =ROUND((K8*(K12^2))/2,7) -> 0.000206 | L25: W*s | N25: Nº de Espiras do Primario Np | O25: =ROUND(O24,0) -> 19 | P25: voltas | V25: C Comercial | W25: =INDEX(Tabela3[Em Faraday],MATCH("Sim",#REF!,0)) -> #REF! | X25: F
B26: Bmax | C26: 0.25 | D26: Tesla | F26: ∆ I Lm | G26: =G24%*G19*-1 -> 1.806 | H26: A | J26: Condições Eletricas Ke | K26: =ROUND((0.145*C20*(C26^2)*10^-4),7) -> 1.68e-05 | N26: Espaçamento Necessario Ig | O26: =ROUND(((0.4*PI()*(O25^2)*O10*(10^-8))/K8)-(O6/O15),4) -> 0.0383 | P26: cm | V26: ∆ Vout / Vo | W26: =ROUND(C21/(C13*(W25)*C24),4) -> #REF!
B27: Tipo da Condução | C27: Descontínuo | F27: I lm mín | G27: =G26-(G25/2) -> 1.451 | H27: A | J27: Geometria do Núcleo Kg | K27: =(K25^2)/(K26) -> 0.0025259524 | L27: cm⁵ | N27: Espaçamento Necessario Ig em mils | O27: =ROUND(O26*393.7,0) -> 15 | V27: ∆ Vout / Vo | W27: =W26*100 -> #REF! | X27: %
B28: Tipo do Ferrite | C28: Laminado | F28: I lm máx | G28: =G26+(G25/2) -> 2.161 | H28: A | J28: Ku utilizado no Livro Exemplo | K28: =IF(C28="Toroidal",_xlfn.XLOOKUP(G11,AWG!B6:B40,AWG!AC6:AC40,"",0,1),_xlfn.XLOOKUP(G11,AWG!B6:B40,AWG!AB6:AB40,"",0,1)) -> 0.29 | N28: Espalhamento de Fluxo F | O28: =ROUND(1+(O26/SQRT(K28))*LN((2*O16)/O26),1) -> 1.3 | V28: Teste ∆ Vout / Vo | W28: =IF(W27>C25,"Real > Proj","Real < Proj") -> #REF!
B29: Calculos Periodo | F29: Lm | G29: =ROUND((C5*C21)/(G26*C24),9) -> 7.7519e-05 | H29: H | J29: Fator Multiplicador Acima de 100 kHz | K29: =IF(C23>=100,1.35,1) -> 1.35 | N29: Novo Número de Espiras | O29: =SQRT((O26*K8)/(0.4*PI()*O10*O28*10^-8)) -> 16.273981 | P29: voltas
B30: Periodo T | C30: =1/C24 -> 1e-05 | D30: s | F30: N2/N1 | G30: =ROUND((C5/C12)*((1-C21)/C21),2) -> 5.6 | H30: =W4/W3 -> 0.5 | J30: Geometria do Núcleo Kg final | K30: =IF(C23>=100,K27*K29,K27*K29) -> 0.0034100357 | L30: cm⁵ | N30: Novo Número de Espiras true N np | O30: =ROUND(O29,0) -> 16 | P30: voltas
B31: Ton | C31: =C21*C30 -> 5e-06 | D31: s | F31: N1/N2 | G31: =1/G30 -> 0.17857143 | H31: =1/H30 -> 2 | J31: Geometria do Núcleo Kg escolhida | K31: =O13 -> 0.00506 | L31: cm⁵ | N31: Densidade do Fluxo do Primario Bpk | O31: =ROUND((0.4*PI()*O30*O28*K12*10^-4)/(O26+O6/O15),3) -> 0.223 | P31: Tesla
B32: Toff | C32: =C30*(1-C21-C22) -> 4e-06 | D32: s | F32: Modo de Operação Segundo Hart | J32: % do Projeto em Cima do Indutor | K32: =(K30/K31)*100 -> 67.39201 | L32: % | N32: Nova resistencia do Primario p/ Fio | O32: =ROUND(G13/O22,0) -> 448 | P32: uΩ/cm 22º C
B33: T perdido Well | C33: =C30-(C32+C31) -> 1e-06 | D33: s | F33: =IF(G27<0,"Descontínuo","Contínuo") -> Contínuo | J33: Geometria do Núcleo Kg final | K33: =IF(K30>K31,"Proj > Indutor","Proj < Indutor") -> Proj < Indutor | N33: Nova resistencia do Primario Rp | O33: =ROUND(O9*O30*O32*10^-6,4) -> 0.0272 | P33: Ω
N34: Perda de Cobre do Primario | O34: =ROUND(K13^2*O33,4) -> 0.0533 | P34: W

Sheet Toroide_Iron_Powder
A1: Part No. | B1: OD (cm) | C1: ID (cm) | D1: HT (cm) | E1: AC (cm) | F1: G toroide | H1: Part No. | I1: Ww (g) | J1: We (g) | K1: MLT (cm) | L1: MPL (cm) | M1: Wa (cm²) | N1: Coluna1 | O1: Ac (cm²) | P1: W2 (cm²) | Q1: Ap (cm⁴) | R1: Kg | S1: Ae (cm²) | T1: AL (mh/1k)
A2: T20-26 | B2: 0.508 | C2: 0.224 | D2: 0.178 | E2: =((B2-C2)*D2)/2 -> 0.025276 | F2: =(Dimensoes_Toroide_Iron_Powder[[#This Row],[OD (cm)]]-Dimensoes_Toroide_Iron_Powder[[#This Row],[ID (cm)]])/2 -> 0.142 | H2: T20-26 | I2: 0.1 | J2: 0.19 | K2: 0.7 | L2: 1.15 | M2: 1.713 | O2: 0.023 | P2: 0.039 | Q2: 0.0009 | R2: 1e-05 | S2: 1.2 | T2: 18.5
A3: T25-26 | B3: 0.648 | C3: 0.305 | D3: 0.244 | E3: =((B3-C3)*D3)/2 -> 0.041846 | F3: =(Dimensoes_Toroide_Iron_Powder[[#This Row],[OD (cm)]]-Dimensoes_Toroide_Iron_Powder[[#This Row],[ID (cm)]])/2 -> 0.1715 | H3: T25-26 | I3: 0.24 | J3: 0.39 | K3: 0.9 | L3: 1.5 | M3: 1.973 | O3: 0.037 | P3: 0.073 | Q3: 0.0027 | R3: 3.8e-05 | S3: 2 | T3: 24.5
A4: T26-26 | B4: 0.673 | C4: 0.267 | D4: 0.483 | E4: =((B4-C4)*D4)/2 -> 0.098049 | F4: =(Dimensoes_Toroide_Iron_Powder[[#This Row],[OD (cm)]]-Dimensoes_Toroide_Iron_Powder[[#This Row],[ID (cm)]])/2 -> 0.203 | H4: T26-26 | I4: 0.26 | J4: 0.93 | K4: 1.3 | L4: 1.47 | M4: 0.644 | O4: 0.09 | P4: 0.058 | Q4: 0.00503 | R4: 0.00013 | S4: 2.6 | T4: 57
A5: T30-26 | B5: 0.78 | C5: 0.384 | D5: 0.325 | E5: =((B5-C5)*D5)/2 -> 0.06435 | F5: =(Dimensoes_Toroide_Iron_Powder[[#This Row],[OD (cm)]]-Dimensoes_Toroide_Iron_Powder[[#This Row],[ID (cm)]])/2 -> 0.198 | H5: T30-26 | I5: 0.47 | J5: 0.77 | K5: 1.14 | L5: 1.84 | M5: 1.933 | O5: 0.06 | P5: 0.116 | Q5: 0.00694 | R5: 0.00014 | S5: 3.1 | T5: 33.5
A6: T37-26 | B6: 0.953 | C6: 0.521 | D6: 0.325 | E6: =((B6-C6)*D6)/2 -> 0.0702 | F6: =(Dimensoes_Toroide_Iron_Powder[[#This Row],[OD (cm)]]-Dimensoes_Toroide_Iron_Powder[[#This Row],[ID (cm)]])/2 -> 0.216 | H6: T37-26 | I6: 0.97 | J6: 1.04 | K6: 1.28 | L6: 2.31 | M6: 3.328 | O6: 0.064 | P6: 0.213 | Q6: 0.01363 | R6: 0.00027 | S6: 4.5 | T6: 28.5
A7: T38-26 | B7: 0.953 | C7: 0.445 | D7: 0.483 | E7: =((B7-C7)*D7)/2 -> 0.122682 | F7: =(Dimensoes_Toroide_Iron_Powder[[#This Row],[OD (cm)]]-Dimensoes_Toroide_Iron_Powder[[#This Row],[ID (cm)]])/2 -> 0.254 | H7: T38-26 | I7: 0.85 | J7: 1.74 | K7: 1.5 | L7: 2.18 | M7: 1.36 | O7: 0.114 | P7: 0.155 | Q7: 0.0177 | R7: 0.00052 | S7: 4.8 | T7: 49
A8: T44-26 | B8: 1.12 | C8: 0.582 | D8: 0.804 | E8: =((B8-C8)*D8)/2 -> 0.216276 | F8: =(Dimensoes_Toroide_Iron_Powder[[#This Row],[OD (cm)]]-Dimensoes_Toroide_Iron_Powder[[#This Row],[ID (cm)]])/2 -> 0.269 | H8: T44-26 | I8: 1.46 | J8: 1.86 | K8: 1.5 | L8: 2.68 | M8: 2.687 | O8: 0.099 | P8: 0.266 | Q8: 0.02632 | R8: 0.00067 | S8: 6.2 | T8: 37
A9: T50-26 | B9: 1.27 | C9: 0.77 | D9: 0.483 | E9: =((B9-C9)*D9)/2 -> 0.12075 | F9: =(Dimensoes_Toroide_Iron_Powder[[#This Row],[OD (cm)]]-Dimensoes_Toroide_Iron_Powder[[#This Row],[ID (cm)]])/2 -> 0.25 | H9: T50-26 | I9: 2.96 | J9: 2.5 | K9: 1.8 | L9: 3.19 | M9: 4.071 | O9: 0.112 | P9: 0.456 | Q9: 0.05212 | R9: 0.0013 | S9: 8.8 | T9: 33
A10: T60-26 | B10: 1.52 | C10: 0.853 | D10: 0.594 | E10: =((B10-C10)*D10)/2 -> 0.198099 | F10: =(Dimensoes_Toroide_Iron_Powder[[#This Row],[OD (cm)]]-Dimensoes_Toroide_Iron_Powder[[#This Row],[ID (cm)]])/2 -> 0.3335 | H10: T60-26 | I10: 4.4 | J10: 4.89 | K10: 2.2 | L10: 3.74 | M10: 3.747 | O10: 0.187 | P10: 0.571 | Q10: 0.1068 | R10: 0.00368 | S10: 12.2 | T10: 50
A11: T68-26 | B11: 1.75 | C11: 0.94 | D11: 0.483 | E11: =((B11-C11)*D11)/2 -> 0.195615 | F11: =(Dimensoes_Toroide_Iron_Powder[[#This Row],[OD (cm)]]-Dimensoes_Toroide_Iron_Powder[[#This Row],[ID (cm)]])/2 -> 0.405 | H11: T68-26 | I11: 5.36 | J11: 5.3 | K11: 2.17 | L11: 4.23 | M11: 3.877 | O11: 0.179 | P11: 0.694 | Q11: 0.12415 | R11: 0.00409 | S11: 14.4 | T11: 43.5
A12: T80-26 | B12: 2.02 | C12: 1.26 | D12: 0.635 | E12: =((B12-C12)*D12)/2 -> 0.2413 | F12: =(Dimensoes_Toroide_Iron_Powder[[#This Row],[OD (cm)]]-Dimensoes_Toroide_Iron_Powder[[#This Row],[ID (cm)]])/2 -> 0.38 | H12: T80-26 | I12: 11.66 | J12: 8.31 | K12: 2.63 | L12: 5.14 | M12: 5.394 | O12: 0.231 | P12: 1.246 | Q12: 0.28788 | R12: 0.0101 | S12: 21.4 | T12: 46
A13: T94-26 | B13: 2.39 | C13: 1.42 | D13: 0.792 | E13: =((B13-C13)*D13)/2 -> 0.38412 | F13: =(Dimensoes_Toroide_Iron_Powder[[#This Row],[OD (cm)]]-Dimensoes_Toroide_Iron_Powder[[#This Row],[ID (cm)]])/2 -> 0.485 | H13: T94-26 | I13: 17.44 | J13: 15.13 | K13: 3.1 | L13: 5.97 | M13: 4.373 | O13: 0.362 | P13: 1.583 | Q13: 0.573 | R13: 0.02677 | S13: 29.6 | T13: 60
... A21: T175-26 | B21: 4.45 | C21: 2.72 | D21: 1.65 | E21: =((B21-C21)*D21)/2 -> 1.42725 | F21: =(Dimensoes_Toroide_Iron_Powder[[#This Row],[OD (cm)]]-Dimensoes_Toroide_Iron_Powder[[#This Row],[ID (cm)]])/2 -> 0.865 | H21: T175-26 | I21: 128.04 | J21: 105.05 | K21: 6.2 | L21: 11.2 | M21: 4.334 | O21: 1.34 | P21: 5.808 | Q21: 7.7823 | R21: 0.67279 | S21: 107.4 | T21: 105

Sheet AWG
B2: AWG | C2: BARE AREA | E2: Resistance microOhm/cm 22ºC | F2: Heavy Synthetics | U2: Enrolamento | V2: Enrolamento
F3: Area | H3: Diameter | J3: Turns-Per | L3: Turns-Per | N3: Weight | U3: Camadas | V3: Camadas | X3: Janela Efetiva | AB3: Definido o S3 pelo Projeto
C4: cm²(10^-3) | D4: cir-mil | F4: cm²(10^-3) | G4: cir-mil | H4: cm | I4: Inch | J4: cm | K4: Inch | L4: cm^2 | M4: Inch^2 | N4: gm/cm | U4: Organizadas | V4: Desorganizadas | X4: Margin | Y4: Insulation Thickness | Z4: Toroide
B5: 1 | C5: 2 | D5: 3 | E5: 4 | F5: 5 | G5: 6 | H5: 7 | I5: 8 | J5: 9 | K5: 10 | L5: 11 | M5: 12 | N5: 13 | O5: Base Area | P5: Flyback TCC | Q5: Teste_TCC | R5: Flyback_MC | S5: Teste_MC | T5: S1 | U5: S2 | V5: S2 | W5: S2 Indicado Autor | X5: S3 | Y5: S3 | Z5: S3 (Wa effetivo) interno | AA5: S4 | AB5: Ku Parcial Laminado | AC5: Ku Final Toroide
B6: 10 | C6: 52.61 | D6: 10384 | E6: 32.7 | F6: 55.9 | G6: 11046 | H6: 0.267 | I6: 0.105 | J6: 3.9 | K6: 10 | L6: 11 | M6: 69 | N6: 0.468 | O6: =ROUND(C6*0.001,5) -> 0.05261 | P6: =Calculo_FlyBack_Simples!$Q$6 -> 0.0022 | Q6: =IF(O6>P6,"Não","Sim") -> Não | R6: =Calculo_Flyback_MCLYMAN!$G$6 -> 0.00138 | S6: =IF(O6>R6,"Não","Sim") -> Não | T6: =C6/F6 -> 0.9411449 | U6: 0.9 | V6: 0.9 | W6: 0.61 | X6: 0.25 | Y6: 0.01 | Z6: 0.75 | AA6: 1 | AB6: =ROUND(T6*W6*0.6*AA6,2) -> 0.34 | AC6: =ROUND(T6*W6*Z6*AA6,1) -> 0.4
B7: 11 | C7: 41.68 | D7: 8226 | E7: 41.4 | F7: 44.5 | G7: 8798 | H7: 0.238 | I7: 0.094 | J7: 4.4 | K7: 11 | L7: 13 | M7: 90 | N7: 0.375 | O7: =ROUND(C7*0.001,5) -> 0.04168 | P7: =Calculo_FlyBack_Simples!$Q$6 -> 0.0022 | Q7: =IF(O7>P7,"Não","Sim") -> Não | R7: =Calculo_Flyback_MCLYMAN!$G$6 -> 0.00138 | S7: =IF(O7>R7,"Não","Sim") -> Não | T7: =C7/F7 -> 0.93662921 | U7: 0.9 | V7: 0.9 | W7: 0.61 | X7: 0.25 | Y7: 0.01 | Z7: 0.75 | AA7: 1 | AB7: =ROUND(T7*W7*0.6*AA7,2) -> 0.34 | AC7: =ROUND(T7*W7*Z7*AA7,1) -> 0.4
B8: 12 | C8: 33.08 | D8: 6529 | E8: 52.1 | F8: 35.64 | G8: 7022 | H8: 0.213 | I8: 0.084 | J8: 4.9 | K8: 12 | L8: 17 | M8: 108 | N8: 0.2977 | O8: =ROUND(C8*0.001,5) -> 0.03308 | P8: =Calculo_FlyBack_Simples!$Q$6 -> 0.0022 | Q8: =IF(O8>P8,"Não","Sim") -> Não | R8: =Calculo_Flyback_MCLYMAN!$G$6 -> 0.00138 | S8: =IF(O8>R8,"Não","Sim") -> Não | T8: =C8/F8 -> 0.92817059 | U8: 0.9 | V8: 0.9 | W8: 0.61 | X8: 0.25 | Y8: 0.01 | Z8: 0.75 | AA8: 1 | AB8: =ROUND(T8*W8*0.6*AA8,2) -> 0.34 | AC8: =ROUND(T8*W8*Z8*AA8,1) -> 0.4
B9: 13 | C9: 26.26 | D9: 5184 | E9: 65.6 | F9: 28.36 | G9: 5610 | H9: 0.19 | I9: 0.075 | J9: 5.5 | K9: 13 | L9: 21 | M9: 136 | N9: 0.2367 | O9: =ROUND(C9*0.001,5) -> 0.02626 | P9: =Calculo_FlyBack_Simples!$Q$6 -> 0.0022 | Q9: =IF(O9>P9,"Não","Sim") -> Não | R9: =Calculo_Flyback_MCLYMAN!$G$6 -> 0.00138 | S9: =IF(O9>R9,"Não","Sim") -> Não | T9: =C9/F9 -> 0.92595205 | U9: 0.9 | V9: 0.9 | W9: 0.61 | X9: 0.25 | Y9: 0.01 | Z9: 0.75 | AA9: 1 | AB9: =ROUND(T9*W9*0.6*AA9,2) -> 0.34 | AC9: =ROUND(T9*W9*Z9*AA9,1) -> 0.4
B10: 14 | C10: 20.82 | D10: 4109 | E10: 82.8 | F10: 22.95 | G10: 4556 | H10: 0.171 | I10: 0.068 | J10: 6 | K10: 15 | L10: 26 | M10: 169 | N10: 0.1879 | O10: =ROUND(C10*0.001,5) -> 0.02082 | P10: =Calculo_FlyBack_Simples!$Q$6 -> 0.0022 | Q10: =IF(O10>P10,"Não","Sim") -> Não | R10: =Calculo_Flyback_MCLYMAN!$G$6 -> 0.00138 | S10: =IF(O10>R10,"Não","Sim") -> Não | T10: =C10/F10 -> 0.90718954 | U10: 0.9 | V10: 0.9 | W10: 0.61 | X10: 0.25 | Y10: 0.01 | Z10: 0.75 | AA10: 1 | AB10: =ROUND(T10*W10*0.6*AA10,2) -> 0.33 | AC10: =ROUND(T10*W10*Z10*AA10,1) -> 0.4
B11: 15 | C11: 16.51 | D11: 3260 | E11: 104.3 | F11: 18.37 | G11: 3624 | H11: 0.153 | I11: 0.06 | J11: 6.8 | K11: 17 | L11: 33 | M11: 211 | N11: 0.1492 | O11: =ROUND(C11*0.001,5) -> 0.01651 | P11: =Calculo_FlyBack_Simples!$Q$6 -> 0.0022 | Q11: =IF(O11>P11,"Não","Sim") -> Não | R11: =Calculo_Flyback_MCLYMAN!$G$6 -> 0.00138 | S11: =IF(O11>R11,"Não","Sim") -> Não | T11: =C11/F11 -> 0.89874796 | U11: 0.9 | V11: 0.9 | W11: 0.61 | X11: 0.25 | Y11: 0.01 | Z11: 0.75 | AA11: 1 | AB11: =ROUND(T11*W11*0.6*AA11,2) -> 0.33 | AC11: =ROUND(T11*W11*Z11*AA11,1) -> 0.4
B12: 16 | C12: 13.07 | D12: 2581 | E12: 131.8 | F12: 14.73 | G12: 2905 | H12: 0.137 | I12: 0.054 | J12: 7.3 | K12: 19 | L12: 41 | M12: 263 | N12: 0.1184 | O12: =ROUND(C12*0.001,5) -> 0.01307 | P12: =Calculo_FlyBack_Simples!$Q$6 -> 0.0022 | Q12: =IF(O12>P12,"Não","Sim") -> Não | R12: =Calculo_Flyback_MCLYMAN!$G$6 -> 0.00138 | S12: =IF(O12>R12,"Não","Sim") -> Não | T12: =C12/F12 -> 0.88730482 | U12: 0.9 | V12: 0.9 | W12: 0.61 | X12: 0.187 | Y12: 0.01 | Z12: 0.75 | AA12: 1 | AB12: =ROUND(T12*W12*0.6*AA12,2) -> 0.32 | AC12: =ROUND(T12*W12*Z12*AA12,1) -> 0.4
B13: 17 | C13: 10.39 | D13: 2052 | E13: 165.8 | F13: 11.68 | G13: 2323 | H13: 0.122 | I13: 0.048 | J13: 8.2 | K13: 21 | L13: 51 | M13: 331 | N13: 0.0943 | O13: =ROUND(C13*0.001,5) -> 0.01039 | P13: =Calculo_FlyBack_Simples!$Q$6 -> 0.0022 | Q13: =IF(O13>P13,"Não","Sim") -> Não | R13: =Calculo_Flyback_MCLYMAN!$G$6 -> 0.00138 | S13: =IF(O13>R13,"Não","Sim") -> Não | T13: =C13/F13 -> 0.88955479 | U13: 0.9 | V13: 0.9 | W13: 0.61 | X13: 0.187 | Y13: 0.007 | Z13: 0.75 | AA13: 1 | AB13: =ROUND(T13*W13*0.6*AA13,2) -> 0.33 | AC13: =ROUND(T13*W13*Z13*AA13,1) -> 0.4
B14: 18 | C14: 8.228 | D14: 1624 | E14: 209.5 | F14: 9.326 | G14: 1857 | H14: 0.109 | I14: 0.043 | J14: 9.1 | K14: 23 | L14: 64 | M14: 415 | N14: 0.07474 | O14: =ROUND(C14*0.001,5) -> 0.00823 | P14: =Calculo_FlyBack_Simples!$Q$6 -> 0.0022 | Q14: =IF(O14>P14,"Não","Sim") -> Não | R14: =Calculo_Flyback_MCLYMAN!$G$6 -> 0.00138 | S14: =IF(O14>R14,"Não","Sim") -> Não | T14: =C14/F14 -> 0.88226464 | U14: 0.9 | V14: 0.9 | W14: 0.61 | X14: 0.187 | Y14: 0.007 | Z14: 0.75 | AA14: 1 | AB14: =ROUND(T14*W14*0.6*AA14,2) -> 0.32 | AC14: =ROUND(T14*W14*Z14*AA14,1) -> 0.4
B15: 19 | C15: 6.531 | D15: 1289 | E15: 263.9 | F15: 7.539 | G15: 1490 | H15: 0.098 | I15: 0.039 | J15: 10.2 | K15: 26 | L15: 80 | M15: 515 | N15: 0.0594 | O15: =ROUND(C15*0.001,5) -> 0.00653 | P15: =Calculo_FlyBack_Simples!$Q$6 -> 0.0022 | Q15: =IF(O15>P15,"Não","Sim") -> Não | R15: =Calculo_Flyback_MCLYMAN!$G$6 -> 0.00138 | S15: =IF(O15>R15,"Não","Sim") -> Não | T15: =C15/F15 -> 0.86629526 | U15: 0.9 | V15: 0.9 | W15: 0.61 | X15: 0.156 | Y15: 0.007 | Z15: 0.75 | AA15: 1 | AB15: =ROUND(T15*W15*0.6*AA15,2) -> 0.32 | AC15: =ROUND(T15*W15*Z15*AA15,1) -> 0.4
B16: 20 | C16: 5.188 | D16: 1024 | E16: 332.3 | F16: 6.065 | G16: 1197 | H16: 0.0879 | I16: 0.035 | J16: 11.4 | K16: 29 | L16: 99 | M16: 638 | N16: 0.04726 | O16: =ROUND(C16*0.001,5) -> 0.00519 | P16: =Calculo_FlyBack_Simples!$Q$6 -> 0.0022 | Q16: =IF(O16>P16,"Não","Sim") -> Não | R16: =Calculo_Flyback_MCLYMAN!$G$6 -> 0.00138 | S16: =IF(O16>R16,"Não","Sim") -> Não | T16: =C16/F16 -> 0.85539984 | U16: 0.9 | V16: 0.9 | W16: 0.61 | X16: 0.156 | Y16: 0.005 | Z16: 0.75 | AA16: 1 | AB16: =ROUND(T16*W16*0.6*AA16,2) -> 0.31 | AC16: =ROUND(T16*W16*Z16*AA16,1) -> 0.4
B17: 21 | C17: 4.116 | D17: 812.3 | E17: 418.9 | F17: 4.837 | G17: 954.8 | H17: 0.0785 | I17: 0.031 | J17: 12.8 | K17: 32 | L17: 124 | M17: 800 | N17: 0.03757 | O17: =ROUND(C17*0.001,5) -> 0.00412 | P17: =Calculo_FlyBack_Simples!$Q$6 -> 0.0022 | Q17: =IF(O17>P17,"Não","Sim") -> Não | R17: =Calculo_Flyback_MCLYMAN!$G$6 -> 0.00138 | S17: =IF(O17>R17,"Não","Sim") -> Não | T17: =C17/F17 -> 0.85094067 | U17: 0.9 | V17: 0.9 | W17: 0.61 | X17: 0.156 | Y17: 0.005 | Z17: 0.75 | AA17: 1 | AB17: =ROUND(T17*W17*0.6*AA17,2) -> 0.31 | AC17: =ROUND(T17*W17*Z17*AA17,1) -> 0.4
... B40: 44 | C40: 0.0202 | D40: 4 | E40: 85072 | F40: 0.0316 | G40: 6.25 | H40: 0.0064 | I40: 0.003 | J40: 157.4 | K40: 400 | L40: 18957 | M40: 122272 | N40: 0.0002 | O40: =ROUND(C40*0.001,5) -> 2e-05 | P40: =Calculo_FlyBack_Simples!$Q$6 -> 0.0022 | Q40: =IF(O40>P40,"Não","Sim") -> Sim | R40: =Calculo_Flyback_MCLYMAN!$G$6 -> 0.00138 | S40: =IF(O40>R40,"Não","Sim") -> Sim | T40: =C40/F40 -> 0.63924051 | U40: 0.85 | V40: 0.75 | W40: 0.61 | X40: 0.062 | Y40: 0.0005 | Z40: 0.75 | AA40: 1 | AB40: =ROUND(T40*W40*0.6*AA40,2) -> 0.23 | AC40: =ROUND(T40*W40*Z40*AA40,1) -> 0.3

Sheet Formulas_Daniel_HART
C2: Exercicio 1 | G2: Exercicio 2 | K2: Exercicio 3
C3: V in | D3: 24 | E3: V | G3: V in | H3: 0.3 | I3: V | K3: V in | L3: 24 | M3: V
C4: P in | D4: =D10 -> 5 | E4: W | G4: P in | H4: =H10 -> 3.6 | I4: W | K4: P in | L4: =L10 -> 1.25 | M4: W
C5: I in | D5: =D4/D3 -> 0.20833333 | E5: A | G5: I in | H5: =H4/H3 -> 12 | I5: A | K5: I in | L5: =L4/L3 -> 0.052083333 | M5: A
C9: V out | D9: 5 | E9: V | G9: V out | H9: 36 | I9: V | J9: Vin/vout | K9: V out | L9: 5 | M9: V
C10: P out | D10: =D9*D11 -> 5 | E10: W | G10: P out | H10: =H9*H11 -> 3.6 | I10: W | K10: P out | L10: =L9*L11 -> 1.25 | M10: W
C11: I out | D11: =D9/D12 -> 1 | E11: A | G11: I out | H11: 0.1 | I11: A | K11: I out | L11: =L9/L12 -> 0.25 | M11: A
C12: R out | D12: 5 | E12: Ohm | G12: R out | H12: =H9/H11 -> 360 | I12: Ohm | K12: R out | L12: 20 | M12: Ohm
C14: Freq | D14: 40 | E14: kHz | G14: Freq | H14: 25 | I14: kHz | K14: Freq | L14: 40 | M14: kHz
C15: Freq | D15: =D14*1000 -> 40000 | E15: Hz | G15: Freq | H15: =H14*1000 -> 25000 | I15: Hz | K15: Freq | L15: =L14*1000 -> 40000 | M15: Hz
C17: D manual | D17: 0.5 | G17: D manual | H17: 0.4 | K17: D manual | L17: 0.5
C18: D calc | D18: =ROUND(1/(((D3/D9)*(D22)+1)),3) -> 0.385 | G18: D calc | H18: =ROUND(1/(((H3/H9)*(H23)+1)),3) -> 0.4 | K18: D calc | L18: =ROUND(1/(((L3/L9)*(L22)+1)),3) -> 0.385
C19: D calc depend | D19: =C3&" && "&C9&" && "&C22 -> V in && V out && N1/N2 | G19: D calc depend | H19: =G3&" && "&G9&" && "&G22 -> V in && V out && N1/N2 | K19: D calc depend | L19: =K3&" && "&K9&" && "&K22 -> V in && V out && N1/N2
C21: N2/N1 manual | D21: 3 | G21: N2/N1 manual | H21: 3 | K21: N2/N1 manual | L21: 3
C22: N1/N2 | D22: =1/D21 -> 0.33333333 | G22: N1/N2 | H22: =1/H23 -> 0.0055555556 | K22: N1/N2 | L22: =1/L21 -> 0.33333333
C23: N2/N1 calc | G23: N2/N1 calc | H23: =ROUND((H9/H3)*((1-H17)/H17),0) -> 180 | K23: N2/N1 calc
C25: Lm Manual | D25: 200 | E25: uH | G25: Lm Manual | H25: 500 | I25: uH | K25: Lm Manual | L25: 500 | M25: uH
C26: Lm Manual | D26: =D25/1000000 -> 0.0002 | E26: H | G26: Lm Manual | H26: =H25/1000000 -> 0.0005 | I26: H | K26: Lm Manual | L26: =L25/1000000 -> 0.0005 | M26: H
G27: Lm Calc | H27: =(H3*H18)/(H33*H15) -> 4e-07 | I27: H | J27: =H27*1000000 -> 0.4 | K27: Lm Calc | L27: =(L3*L18)/(L33*L15) -> 0.0005
C28: C manual | D28: 200 | E28: uF | G28: C manual | H28: 200 | I28: uF | K28: C manual | L28: 200 | M28: uF
C29: C calc | E29: F | G29: C calc | H29: =H45 -> 2.7777778e-06 | I29: F | K29: C calc
C31: I Lm | D31: =ROUND((D9^2)/(D3*D18*D12),3) -> 0.541 | E31: A | G31: I Lm | H31: =ROUND((H9^2)/(H3*H18*H12),3) -> 30 | I31: A | K31: I Lm | L31: =ROUND((L9^2)/(L3*L18*L12),3) -> 0.135 | M31: A
C32: I Lm depend | D32: =C9&" && "&C3&" && "&C17&" && "&C12 -> V out && V in && D manual && R out | G32: I Lm depend | H32: =G9&" && "&G3&" && "&G17&" && "&G12 -> V out && V in && D manual && R out | K32: I Lm depend | L32: =K9&" && "&K3&" && "&K17&" && "&K12 -> V out && V in && D manual && R out
C33: ∆ I Lm | D33: =(D3*D18)/(D26*D15) -> 1.155 | E33: A | F33: =D33/D31 -> 2.1349353 | G33: ∆ I Lm | H33: =ROUND(H31*(J33),2) -> 12 | I33: A | J33: 0.4 | K33: ∆ I Lm | L33: =(L3*L18)/(L26*L15) -> 0.462 | M33: A
D34: =C3&" && "&C18&" && "&C25&" && "&C15 -> V in && D calc && Lm Manual && Freq | H34: =G3&" && "&G18&" && "&G25&" && "&G15 -> V in && D calc && Lm Manual && Freq | L34: =K3&" && "&K18&" && "&K25&" && "&K15 -> V in && D calc && Lm Manual && Freq
C35: I Lm Max | D35: =D31+(D33/2) -> 1.1185 | E35: A | G35: I Lm Max | H35: =H31+(H33/2) -> 36 | I35: A | K35: I Lm Max | L35: =L31+(L33/2) -> 0.366 | M35: A
C36: I Lm Min | D36: =D31-(D33/2) -> -0.0365 | E36: A | G36: I Lm Min | H36: =H31-(H33/2) -> 24 | I36: A | K36: I Lm Min | L36: =L31-(L33/2) -> -0.096 | M36: A
C38: ∆ Vout Manual Riple | D38: 2 | E38: % | G38: ∆ Vout Manual Riple | H38: 2 | I38: % | K38: ∆ Vout Manual Riple | L38: 1 | M38: %
C39: ∆ Vout / Vo | D39: =ROUND(D18/(D12*(D28/1000000)*D15),4) -> 0.0096 | E39: % | G39: ∆ Vout / Vo | H39: =ROUND(H18/(H12*(H45)*H15),4) -> 0.016 | I39: %/100 | K39: ∆ Vout / Vo | L39: =ROUND(L18/(L12*(L28/1000000)*L15),4) -> 0.0024 | M39: %
C40: ∆ Vout / Vo | D40: =D39*100 -> 0.96 | E40: %/100 | G40: ∆ Vout / Vo | H40: =H39*100 -> 1.6 | I40: % | K40: ∆ Vout / Vo | L40: =L39*100 -> 0.24 | M40: %/100
C41: Teste | D41: =IF(D40<D38,"Tá Dentro","Tá Fora") -> Tá Dentro | G41: Teste | H41: =IF(H40<H38,"Tá Dentro","Tá Fora") -> Tá Dentro | K41: Teste | L41: =IF(L40<L38,"Tá Dentro","Tá Fora") -> Tá Dentro
G42: V riple | H42: =H9*H38% -> 0.72 | I42: V
G43: ∆ ic | H43: =ROUND(H35*H22,3) -> 0.2
G44: rc | H44: =ROUND(H42/H43,2) -> 3.6
G45: C | H45: =10^-5/H44 -> 2.7777778e-06 | I45: F | J45: =H45*1000000 -> 2.7777778 | K45: uF
G46: Is | H46: =H31*H18 -> 12 | I46: A

Sheet Capacitores_Comerciais
A1: Capacitores Comerciais (com vírgula) | B1: Fator para Farads | C1: Em Faraday | D1: Capacitor_TCC | E1: C_TCC | F1: Capacitor_Snubber_OFF | G1: C_Sb_off
A2: 1 | B2: 1e-12 | C2: =A2*B2 -> 1e-12 | D2: =Calculo_FlyBack_Simples!$Q$28 -> 2.8e-05 | E2: =IF(Tabela3[[#This Row],[Capacitor_TCC]]>Tabela3[[#This Row],[Em Faraday]],"Não","Sim") -> Não | F2: =Calculo_FlyBack_Simples!$Q$24 -> 3.61805e-10 | G2: =IF(Tabela3[[#This Row],[Capacitor_Snubber_OFF]]>Tabela3[[#This Row],[Em Faraday]],"Não","Sim") -> Não
A3: 1.5 | B3: 1e-12 | C3: =A3*B3 -> 1.5e-12 | D3: =Calculo_FlyBack_Simples!$Q$28 -> 2.8e-05 | E3: =IF(Tabela3[[#This Row],[Capacitor_TCC]]>Tabela3[[#This Row],[Em Faraday]],"Não","Sim") -> Não | F3: =Calculo_FlyBack_Simples!$Q$24 -> 3.61805e-10 | G3: =IF(Tabela3[[#This Row],[Capacitor_Snubber_OFF]]>Tabela3[[#This Row],[Em Faraday]],"Não","Sim") -> Não
A4: 2.2 | B4: 1e-12 | C4: =A4*B4 -> 2.2e-12 | D4: =Calculo_FlyBack_Simples!$Q$28 -> 2.8e-05 | E4: =IF(Tabela3[[#This Row],[Capacitor_TCC]]>Tabela3[[#This Row],[Em Faraday]],"Não","Sim") -> Não | F4: =Calculo_FlyBack_Simples!$Q$24 -> 3.61805e-10 | G4: =IF(Tabela3[[#This Row],[Capacitor_Snubber_OFF]]>Tabela3[[#This Row],[Em Faraday]],"Não","Sim") -> Não
A5: 3.3 | B5: 1e-12 | C5: =A5*B5 -> 3.3e-12 | D5: =Calculo_FlyBack_Simples!$Q$28 -> 2.8e-05 | E5: =IF(Tabela3[[#This Row],[Capacitor_TCC]]>Tabela3[[#This Row],[Em Faraday]],"Não","Sim") -> Não | F5: =Calculo_FlyBack_Simples!$Q$24 -> 3.61805e-10 | G5: =IF(Tabela3[[#This Row],[Capacitor_Snubber_OFF]]>Tabela3[[#This Row],[Em Faraday]],"Não","Sim") -> Não
A6: 4.7 | B6: 1e-12 | C6: =A6*B6 -> 4.7e-12 | D6: =Calculo_FlyBack_Simples!$Q$28 -> 2.8e-05 | E6: =IF(Tabela3[[#This Row],[Capacitor_TCC]]>Tabela3[[#This Row],[Em Faraday]],"Não","Sim") -> Não | F6: =Calculo_FlyBack_Simples!$Q$24 -> 3.61805e-10 | G6: =IF(Tabela3[[#This Row],[Capacitor_Snubber_OFF]]>Tabela3[[#This Row],[Em Faraday]],"Não","Sim") -> Não
A7: 5.6 | B7: 1e-12 | C7: =A7*B7 -> 5.6e-12 | D7: =Calculo_FlyBack_Simples!$Q$28 -> 2.8e-05 | E7: =IF(Tabela3[[#This Row],[Capacitor_TCC]]>Tabela3[[#This Row],[Em Faraday]],"Não","Sim") -> Não | F7: =Calculo_FlyBack_Simples!$Q$24 -> 3.61805e-10 | G7: =IF(Tabela3[[#This Row],[Capacitor_Snubber_OFF]]>Tabela3[[#This Row],[Em Faraday]],"Não","Sim") -> Não
A8: 6.8 | B8: 1e-12 | C8: =A8*B8 -> 6.8e-12 | D8: =Calculo_FlyBack_Simples!$Q$28 -> 2.8e-05 | E8: =IF(Tabela3[[#This Row],[Capacitor_TCC]]>Tabela3[[#This Row],[Em Faraday]],"Não","Sim") -> Não | F8: =Calculo_FlyBack_Simples!$Q$24 -> 3.61805e-10 | G8: =IF(Tabela3[[#This Row],[Capacitor_Snubber_OFF]]>Tabela3[[#This Row],[Em Faraday]],"Não","Sim") -> Não
A9: 10 | B9: 1e-12 | C9: =A9*B9 -> 1e-11 | D9: =Calculo_FlyBack_Simples!$Q$28 -> 2.8e-05 | E9: =IF(Tabela3[[#This Row],[Capacitor_TCC]]>Tabela3[[#This Row],[Em Faraday]],"Não","Sim") -> Não | F9: =Calculo_FlyBack_Simples!$Q$24 -> 3.61805e-10 | G9: =IF(Tabela3[[#This Row],[Capacitor_Snubber_OFF]]>Tabela3[[#This Row],[Em Faraday]],"Não","Sim") -> Não
A10: 15 | B10: 1e-12 | C10: =A10*B10 -> 1.5e-11 | D10: =Calculo_FlyBack_Simples!$Q$28 -> 2.8e-05 | E10: =IF(Tabela3[[#This Row],[Capacitor_TCC]]>Tabela3[[#This Row],[Em Faraday]],"Não","Sim") -> Não | F10: =Calculo_FlyBack_Simples!$Q$24 -> 3.61805e-10 | G10: =IF(Tabela3[[#This Row],[Capacitor_Snubber_OFF]]>Tabela3[[#This Row],[Em Faraday]],"Não","Sim") -> Não
A11: 22 | B11: 1e-12 | C11: =A11*B11 -> 2.2e-11 | D11: =Calculo_FlyBack_Simples!$Q$28 -> 2.8e-05 | E11: =IF(Tabela3[[#This Row],[Capacitor_TCC]]>Tabela3[[#This Row],[Em Faraday]],"Não","Sim") -> Não | F11: =Calculo_FlyBack_Simples!$Q$24 -> 3.61805e-10 | G11: =IF(Tabela3[[#This Row],[Capacitor_Snubber_OFF]]>Tabela3[[#This Row],[Em Faraday]],"Não","Sim") -> Não
A12: 33 | B12: 1e-12 | C12: =A12*B12 -> 3.3e-11 | D12: =Calculo_FlyBack_Simples!$Q$28 -> 2.8e-05 | E12: =IF(Tabela3[[#This Row],[Capacitor_TCC]]>Tabela3[[#This Row],[Em Faraday]],"Não","Sim") -> Não | F12: =Calculo_FlyBack_Simples!$Q$24 -> 3.61805e-10 | G12: =IF(Tabela3[[#This Row],[Capacitor_Snubber_OFF]]>Tabela3[[#This Row],[Em Faraday]],"Não","Sim") -> Não
A13: 47 | B13: 1e-12 | C13: =A13*B13 -> 4.7e-11 | D13: =Calculo_FlyBack_Simples!$Q$28 -> 2.8e-05 | E13: =IF(Tabela3[[#This Row],[Capacitor_TCC]]>Tabela3[[#This Row],[Em Faraday]],"Não","Sim") -> Não | F13: =Calculo_FlyBack_Simples!$Q$24 -> 3.61805e-10 | G13: =IF(Tabela3[[#This Row],[Capacitor_Snubber_OFF]]>Tabela3[[#This Row],[Em Faraday]],"Não","Sim") -> Não
... A95: 1000000 | B95: 1e-06 | C95: =A95*B95 -> 1 | D95: =Calculo_FlyBack_Simples!$Q$28 -> 2.8e-05 | E95: =IF(Tabela3[[#This Row],[Capacitor_TCC]]>Tabela3[[#This Row],[Em Faraday]],"Não","Sim") -> Sim | F95: =Calculo_FlyBack_Simples!$Q$24 -> 3.61805e-10 | G95: =IF(Tabela3[[#This Row],[Capacitor_Snubber_OFF]]>Tabela3[[#This Row],[Em Faraday]],"Não","Sim") -> Sim

Sheet Estudo_Drive_Bagunça
N26: Tipos de Gate Driver para MOSFET e IGBT - Eletrônica Geral
N27: Push Pull MOSFET Gate Driver | Totem Pole MOSFET | ltspice simulation
M33: =15-1 -> 14
O35: Imax | P35: 100 | Q35: mA | S35: Imax | T35: =(T37/T38)*1000 -> 176.47059 | U35: mA | V35: Imax | W35: =(W37/W38)*1000 -> 17.647059 | X35: mA | Y35: =W35/P35 -> 0.17647059 | Z35: Imax | AA35: =(AA37/AA38)*1000 -> 15 | AB35: mA | AC35: =AA35/P35 -> 0.15 | AD35: Imax | AE35: =(AE37/AE38)*1000 -> 150 | AF35: mA
O36: Imax | P36: =P35/1000 -> 0.1 | Q36: A | S36: Imax | T36: =T35/1000 -> 0.17647059 | U36: A | V36: Imax | W36: =W35/1000 -> 0.017647059 | X36: A | Z36: Imax | AA36: =AA35/1000 -> 0.015 | AB36: A | AD36: Imax | AE36: =AE35/1000 -> 0.15 | AF36: A
O37: Vin | P37: 12 | S37: Vin | T37: 12 | V37: Vin | W37: 12 | Z37: Vin | AA37: 15 | AD37: Vin | AE37: 15
O38: R min | P38: =P37/P36 -> 120 | Q38: Ohm | S38: R min | T38: 68 | U38: Ohm | V38: R min | W38: 680 | X38: Ohm | Z38: R min | AA38: 1000 | AB38: Ohm | AD38: R min | AE38: 100 | AF38: Ohm
T40: =T35/W35 -> 10
AA41: =AE35/AA35 -> 10
AE43: V | AF43: 5 | AG43: 12 | AH43: 12 | AI43: 12
AE44: I | AF44: =2/1000 -> 0.002 | AG44: =AG43/AG45 -> 0.017647059 | AH44: =AH43/AH45 -> 0.17647059 | AI44: =AI43/AI45 -> 0.0054545455
AE45: R | AF45: =AF43/AF44 -> 2500 | AG45: 680 | AH45: 68 | AI45: 2200
AF46: =AF44*1000 -> 2 | AG46: =AG44*1000 -> 17.647059 | AH46: =AH44*1000 -> 176.47059 | AI46: =AI44*1000 -> 5.4545455

Sheet Resistores_Comerciais
A1: Resistencia | B1: R3_Novo | C1: % R3_Novo | D1: R3_Novo_cmc | E1: R2_Novo | F1: % R2_Novo | G1: R2_Novo_cmc | H1: R1_Novo | I1: % R1_Novo | J1: R1_Novo_cmc | K1: Rg_Novo | L1: % Rg_Novo | M1: Rg_Novo_cmc | N1: R_Snubber | O1: % R_Snubber | P1: R_Snubber_cmc
A2: 1 | B2: =Estudo_Drive!$S$4 -> 47.244094 | C2: =Tabela2[[#This Row],[Resistencia]]/Tabela2[[#This Row],[R3_Novo]] -> 0.021166667 | D2: =IF(Tabela2[[#This Row],[% R3_Novo]]<0.85,"Não","Sim") -> Não | E2: =Estudo_Drive!$S$20 -> 444.88189 | F2: =Tabela2[[#This Row],[Resistencia]]/Tabela2[[#This Row],[R2_Novo]] -> 0.0022477876 | G2: =IF(Tabela2[[#This Row],[% R2_Novo]]<0.9,"Não","Sim") -> Não | H2: =Estudo_Drive!$S$24 -> 4448.8189 | I2: =Tabela2[[#This Row],[Resistencia]]/Tabela2[[#This Row],[R1_Novo]] -> 0.00022477876 | J2: =IF(Tabela2[[#This Row],[% R1_Novo]]<0.9,"Não","Sim") -> Não | K2: =Estudo_Drive!$S$28 -> 16929.134 | L2: =Tabela2[[#This Row],[Resistencia]]/Tabela2[[#This Row],[Rg_Novo]] -> 5.9069767e-05 | M2: =IF(Tabela2[[#This Row],[% Rg_Novo]]<0.9,"Não","Sim") -> Não | N2: =Calculo_FlyBack_Simples!$Q$18 -> 6691 | O2: =Tabela2[[#This Row],[Resistencia]]/Tabela2[[#This Row],[R_Snubber]] -> 0.00014945449 | P2: =IF(Tabela2[[#This Row],[% R_Snubber]]<0.9,"Não","Sim") -> Não
A3: 1.2 | B3: =Estudo_Drive!$S$4 -> 47.244094 | C3: =Tabela2[[#This Row],[Resistencia]]/Tabela2[[#This Row],[R3_Novo]] -> 0.0254 | D3: =IF(Tabela2[[#This Row],[% R3_Novo]]<0.85,"Não","Sim") -> Não | E3: =Estudo_Drive!$S$20 -> 444.88189 | F3: =Tabela2[[#This Row],[Resistencia]]/Tabela2[[#This Row],[R2_Novo]] -> 0.0026973451 | G3: =IF(Tabela2[[#This Row],[% R2_Novo]]<0.9,"Não","Sim") -> Não | H3: =Estudo_Drive!$S$24 -> 4448.8189 | I3: =Tabela2[[#This Row],[Resistencia]]/Tabela2[[#This Row],[R1_Novo]] -> 0.00026973451 | J3: =IF(Tabela2[[#This Row],[% R1_Novo]]<0.9,"Não","Sim") -> Não | K3: =Estudo_Drive!$S$28 -> 16929.134 | L3: =Tabela2[[#This Row],[Resistencia]]/Tabela2[[#This Row],[Rg_Novo]] -> 7.0883721e-05 | M3: =IF(Tabela2[[#This Row],[% Rg_Novo]]<0.9,"Não","Sim") -> Não | N3: =Calculo_FlyBack_Simples!$Q$18 -> 6691 | O3: =Tabela2[[#This Row],[Resistencia]]/Tabela2[[#This Row],[R_Snubber]] -> 0.00017934539 | P3: =IF(Tabela2[[#This Row],[% R_Snubber]]<0.9,"Não","Sim") -> Não
A4: 1.5 | B4: =Estudo_Drive!$S$4 -> 47.244094 | C4: =Tabela2[[#This Row],[Resistencia]]/Tabela2[[#This Row],[R3_Novo]] -> 0.03175 | D4: =IF(Tabela2[[#This Row],[% R3_Novo]]<0.85,"Não","Sim") -> Não | E4: =Estudo_Drive!$S$20 -> 444.88189 | F4: =Tabela2[[#This Row],[Resistencia]]/Tabela2[[#This Row],[R2_Novo]] -> 0.0033716814 | G4: =IF(Tabela2[[#This Row],[% R2_Novo]]<0.9,"Não","Sim") -> Não | H4: =Estudo_Drive!$S$24 -> 4448.8189 | I4: =Tabela2[[#This Row],[Resistencia]]/Tabela2[[#This Row],[R1_Novo]] -> 0.00033716814 | J4: =IF(Tabela2[[#This Row],[% R1_Novo]]<0.9,"Não","Sim") -> Não | K4: =Estudo_Drive!$S$28 -> 16929.134 | L4: =Tabela2[[#This Row],[Resistencia]]/Tabela2[[#This Row],[Rg_Novo]] -> 8.8604651e-05 | M4: =IF(Tabela2[[#This Row],[% Rg_Novo]]<0.9,"Não","Sim") -> Não | N4: =Calculo_FlyBack_Simples!$Q$18 -> 6691 | O4: =Tabela2[[#This Row],[Resistencia]]/Tabela2[[#This Row],[R_Snubber]] -> 0.00022418174 | P4: =IF(Tabela2[[#This Row],[% R_Snubber]]<0.9,"Não","Sim") -> Não
A5: 1.8 | B5: =Estudo_Drive!$S$4 -> 47.244094 | C5: =Tabela2[[#This Row],[Resistencia]]/Tabela2[[#This Row],[R3_Novo]] -> 0.0381 | D5: =IF(Tabela2[[#This Row],[% R3_Novo]]<0.85,"Não","Sim") -> Não | E5: =Estudo_Drive!$S$20 -> 444.88189 | F5: =Tabela2[[#This Row],[Resistencia]]/Tabela2[[#This Row],[R2_Novo]] -> 0.0040460177 | G5: =IF(Tabela2[[#This Row],[% R2_Novo]]<0.9,"Não","Sim") -> Não | H5: =Estudo_Drive!$S$24 -> 4448.8189 | I5: =Tabela2[[#This Row],[Resistencia]]/Tabela2[[#This Row],[R1_Novo]] -> 0.00040460177 | J5: =IF(Tabela2[[#This Row],[% R1_Novo]]<0.9,"Não","Sim") -> Não | K5: =Estudo_Drive!$S$28 -> 16929.134 | L5: =Tabela2[[#This Row],[Resistencia]]/Tabela2[[#This Row],[Rg_Novo]] -> 0.00010632558 | M5: =IF(Tabela2[[#This Row],[% Rg_Novo]]<0.9,"Não","Sim") -> Não | N5: =Calculo_FlyBack_Simples!$Q$18 -> 6691 | O5: =Tabela2[[#This Row],[Resistencia]]/Tabela2[[#This Row],[R_Snubber]] -> 0.00026901808 | P5: =IF(Tabela2[[#This Row],[% R_Snubber]]<0.9,"Não","Sim") -> Não
A6: 2.2 | B6: =Estudo_Drive!$S$4 -> 47.244094 | C6: =Tabela2[[#This Row],[Resistencia]]/Tabela2[[#This Row],[R3_Novo]] -> 0.046566667 | D6: =IF(Tabela2[[#This Row],[% R3_Novo]]<0.85,"Não","Sim") -> Não | E6: =Estudo_Drive!$S$20 -> 444.88189 | F6: =Tabela2[[#This Row],[Resistencia]]/Tabela2[[#This Row],[R2_Novo]] -> 0.0049451327 | G6: =IF(Tabela2[[#This Row],[% R2_Novo]]<0.9,"Não","Sim") -> Não | H6: =Estudo_Drive!$S$24 -> 4448.8189 | I6: =Tabela2[[#This Row],[Resistencia]]/Tabela2[[#This Row],[R1_Novo]] -> 0.00049451327 | J6: =IF(Tabela2[[#This Row],[% R1_Novo]]<0.9,"Não","Sim") -> Não | K6: =Estudo_Drive!$S$28 -> 16929.134 | L6: =Tabela2[[#This Row],[Resistencia]]/Tabela2[[#This Row],[Rg_Novo]] -> 0.00012995349 | M6: =IF(Tabela2[[#This Row],[% Rg_Novo]]<0.9,"Não","Sim") -> Não | N6: =Calculo_FlyBack_Simples!$Q$18 -> 6691 | O6: =Tabela2[[#This Row],[Resistencia]]/Tabela2[[#This Row],[R_Snubber]] -> 0.00032879988 | P6: =IF(Tabela2[[#This Row],[% R_Snubber]]<0.9,"Não","Sim") -> Não
A7: 2.7 | B7: =Estudo_Drive!$S$4 -> 47.244094 | C7: =Tabela2[[#This Row],[Resistencia]]/Tabela2[[#This Row],[R3_Novo]] -> 0.05715 | D7: =IF(Tabela2[[#This Row],[% R3_Novo]]<0.85,"Não","Sim") -> Não | E7: =Estudo_Drive!$S$20 -> 444.88189 | F7: =Tabela2[[#This Row],[Resistencia]]/Tabela2[[#This Row],[R2_Novo]] -> 0.0060690265 | G7: =IF(Tabela2[[#This Row],[% R2_Novo]]<0.9,"Não","Sim") -> Não | H7: =Estudo_Drive!$S$24 -> 4448.8189 | I7: =Tabela2[[#This Row],[Resistencia]]/Tabela2[[#This Row],[R1_Novo]] -> 0.00060690265 | J7: =IF(Tabela2[[#This Row],[% R1_Novo]]<0.9,"Não","Sim") -> Não | K7: =Estudo_Drive!$S$28 -> 16929.134 | L7: =Tabela2[[#This Row],[Resistencia]]/Tabela2[[#This Row],[Rg_Novo]] -> 0.00015948837 | M7: =IF(Tabela2[[#This Row],[% Rg_Novo]]<0.9,"Não","Sim") -> Não | N7: =Calculo_FlyBack_Simples!$Q$18 -> 6691 | O7: =Tabela2[[#This Row],[Resistencia]]/Tabela2[[#This Row],[R_Snubber]] -> 0.00040352713 | P7: =IF(Tabela2[[#This Row],[% R_Snubber]]<0.9,"Não","Sim") -> Não
A8: 3.3 | B8: =Estudo_Drive!$S$4 -> 47.244094 | C8: =Tabela2[[#This Row],[Resistencia]]/Tabela2[[#This Row],[R3_Novo]] -> 0.06985 | D8: =IF(Tabela2[[#This Row],[% R3_Novo]]<0.85,"Não","Sim") -> Não | E8: =Estudo_Drive!$S$20 -> 444.88189 | F8: =Tabela2[[#This Row],[Resistencia]]/Tabela2[[#This Row],[R2_Novo]] -> 0.0074176991 | G8: =IF(Tabela2[[#This Row],[% R2_Novo]]<0.9,"Não","Sim") -> Não | H8: =Estudo_Drive!$S$24 -> 4448.8189 | I8: =Tabela2[[#This Row],[Resistencia]]/Tabela2[[#This Row],[R1_Novo]] -> 0.00074176991 | J8: =IF(Tabela2[[#This Row],[% R1_Novo]]<0.9,"Não","Sim") -> Não | K8: =Estudo_Drive!$S$28 -> 16929.134 | L8: =Tabela2[[#This Row],[Resistencia]]/Tabela2[[#This Row],[Rg_Novo]] -> 0.00019493023 | M8: =IF(Tabela2[[#This Row],[% Rg_Novo]]<0.9,"Não","Sim") -> Não | N8: =Calculo_FlyBack_Simples!$Q$18 -> 6691 | O8: =Tabela2[[#This Row],[Resistencia]]/Tabela2[[#This Row],[R_Snubber]] -> 0.00049319982 | P8: =IF(Tabela2[[#This Row],[% R_Snubber]]<0.9,"Não","Sim") -> Não
A9: 3.9 | B9: =Estudo_Drive!$S$4 -> 47.244094 | C9: =Tabela2[[#This Row],[Resistencia]]/Tabela2[[#This Row],[R3_Novo]] -> 0.08255 | D9: =IF(Tabela2[[#This Row],[% R3_Novo]]<0.85,"Não","Sim") -> Não | E9: =Estudo_Drive!$S$20 -> 444.88189 | F9: =Tabela2[[#This Row],[Resistencia]]/Tabela2[[#This Row],[R2_Novo]] -> 0.0087663717 | G9: =IF(Tabela2[[#This Row],[% R2_Novo]]<0.9,"Não","Sim") -> Não | H9: =Estudo_Drive!$S$24 -> 4448.8189 | I9: =Tabela2[[#This Row],[Resistencia]]/Tabela2[[#This Row],[R1_Novo]] -> 0.00087663717 | J9: =IF(Tabela2[[#This Row],[% R1_Novo]]<0.9,"Não","Sim") -> Não | K9: =Estudo_Drive!$S$28 -> 16929.134 | L9: =Tabela2[[#This Row],[Resistencia]]/Tabela2[[#This Row],[Rg_Novo]] -> 0.00023037209 | M9: =IF(Tabela2[[#This Row],[% Rg_Novo]]<0.9,"Não","Sim") -> Não | N9: =Calculo_FlyBack_Simples!$Q$18 -> 6691 | O9: =Tabela2[[#This Row],[Resistencia]]/Tabela2[[#This Row],[R_Snubber]] -> 0.00058287252 | P9: =IF(Tabela2[[#This Row],[% R_Snubber]]<0.9,"Não","Sim") -> Não
A10: 4.7 | B10: =Estudo_Drive!$S$4 -> 47.244094 | C10: =Tabela2[[#This Row],[Resistencia]]/Tabela2[[#This Row],[R3_Novo]] -> 0.099483333 | D10: =IF(Tabela2[[#This Row],[% R3_Novo]]<0.85,"Não","Sim") -> Não | E10: =Estudo_Drive!$S$20 -> 444.88189 | F10: =Tabela2[[#This Row],[Resistencia]]/Tabela2[[#This Row],[R2_Novo]] -> 0.010564602 | G10: =IF(Tabela2[[#This Row],[% R2_Novo]]<0.9,"Não","Sim") -> Não | H10: =Estudo_Drive!$S$24 -> 4448.8189 | I10: =Tabela2[[#This Row],[Resistencia]]/Tabela2[[#This Row],[R1_Novo]] -> 0.0010564602 | J10: =IF(Tabela2[[#This Row],[% R1_Novo]]<0.9,"Não","Sim") -> Não | K10: =Estudo_Drive!$S$28 -> 16929.134 | L10: =Tabela2[[#This Row],[Resistencia]]/Tabela2[[#This Row],[Rg_Novo]] -> 0.00027762791 | M10: =IF(Tabela2[[#This Row],[% Rg_Novo]]<0.9,"Não","Sim") -> Não | N10: =Calculo_FlyBack_Simples!$Q$18 -> 6691 | O10: =Tabela2[[#This Row],[Resistencia]]/Tabela2[[#This Row],[R_Snubber]] -> 0.00070243611 | P10: =IF(Tabela2[[#This Row],[% R_Snubber]]<0.9,"Não","Sim") -> Não
A11: 5.6 | B11: =Estudo_Drive!$S$4 -> 47.244094 | C11: =Tabela2[[#This Row],[Resistencia]]/Tabela2[[#This Row],[R3_Novo]] -> 0.11853333 | D11: =IF(Tabela2[[#This Row],[% R3_Novo]]<0.85,"Não","Sim") -> Não | E11: =Estudo_Drive!$S$20 -> 444.88189 | F11: =Tabela2[[#This Row],[Resistencia]]/Tabela2[[#This Row],[R2_Novo]] -> 0.012587611 | G11: =IF(Tabela2[[#This Row],[% R2_Novo]]<0.9,"Não","Sim") -> Não | H11: =Estudo_Drive!$S$24 -> 4448.8189 | I11: =Tabela2[[#This Row],[Resistencia]]/Tabela2[[#This Row],[R1_Novo]] -> 0.0012587611 | J11: =IF(Tabela2[[#This Row],[% R1_Novo]]<0.9,"Não","Sim") -> Não | K11: =Estudo_Drive!$S$28 -> 16929.134 | L11: =Tabela2[[#This Row],[Resistencia]]/Tabela2[[#This Row],[Rg_Novo]] -> 0.0003307907 | M11: =IF(Tabela2[[#This Row],[% Rg_Novo]]<0.9,"Não","Sim") -> Não | N11: =Calculo_FlyBack_Simples!$Q$18 -> 6691 | O11: =Tabela2[[#This Row],[Resistencia]]/Tabela2[[#This Row],[R_Snubber]] -> 0.00083694515 | P11: =IF(Tabela2[[#This Row],[% R_Snubber]]<0.9,"Não","Sim") -> Não
A12: 6.8 | B12: =Estudo_Drive!$S$4 -> 47.244094 | C12: =Tabela2[[#This Row],[Resistencia]]/Tabela2[[#This Row],[R3_Novo]] -> 0.14393333 | D12: =IF(Tabela2[[#This Row],[% R3_Novo]]<0.85,"Não","Sim") -> Não | E12: =Estudo_Drive!$S$20 -> 444.88189 | F12: =Tabela2[[#This Row],[Resistencia]]/Tabela2[[#This Row],[R2_Novo]] -> 0.015284956 | G12: =IF(Tabela2[[#This Row],[% R2_Novo]]<0.9,"Não","Sim") -> Não | H12: =Estudo_Drive!$S$24 -> 4448.8189 | I12: =Tabela2[[#This Row],[Resistencia]]/Tabela2[[#This Row],[R1_Novo]] -> 0.0015284956 | J12: =IF(Tabela2[[#This Row],[% R1_Novo]]<0.9,"Não","Sim") -> Não | K12: =Estudo_Drive!$S$28 -> 16929.134 | L12: =Tabela2[[#This Row],[Resistencia]]/Tabela2[[#This Row],[Rg_Novo]] -> 0.00040167442 | M12: =IF(Tabela2[[#This Row],[% Rg_Novo]]<0.9,"Não","Sim") -> Não | N12: =Calculo_FlyBack_Simples!$Q$18 -> 6691 | O12: =Tabela2[[#This Row],[Resistencia]]/Tabela2[[#This Row],[R_Snubber]] -> 0.0010162905 | P12: =IF(Tabela2[[#This Row],[% R_Snubber]]<0.9,"Não","Sim") -> Não
A13: 8.2 | B13: =Estudo_Drive!$S$4 -> 47.244094 | C13: =Tabela2[[#This Row],[Resistencia]]/Tabela2[[#This Row],[R3_Novo]] -> 0.17356667 | D13: =IF(Tabela2[[#This Row],[% R3_Novo]]<0.85,"Não","Sim") -> Não | E13: =Estudo_Drive!$S$20 -> 444.88189 | F13: =Tabela2[[#This Row],[Resistencia]]/Tabela2[[#This Row],[R2_Novo]] -> 0.018431858 | G13: =IF(Tabela2[[#This Row],[% R2_Novo]]<0.9,"Não","Sim") -> Não | H13: =Estudo_Drive!$S$24 -> 4448.8189 | I13: =Tabela2[[#This Row],[Resistencia]]/Tabela2[[#This Row],[R1_Novo]] -> 0.0018431858 | J13: =IF(Tabela2[[#This Row],[% R1_Novo]]<0.9,"Não","Sim") -> Não | K13: =Estudo_Drive!$S$28 -> 16929.134 | L13: =Tabela2[[#This Row],[Resistencia]]/Tabela2[[#This Row],[Rg_Novo]] -> 0.00048437209 | M13: =IF(Tabela2[[#This Row],[% Rg_Novo]]<0.9,"Não","Sim") -> Não | N13: =Calculo_FlyBack_Simples!$Q$18 -> 6691 | O13: =Tabela2[[#This Row],[Resistencia]]/Tabela2[[#This Row],[R_Snubber]] -> 0.0012255268 | P13: =IF(Tabela2[[#This Row],[% R_Snubber]]<0.9,"Não","Sim") -> Não
... A63: 120000 | B63: =Estudo_Drive!$S$4 -> 47.244094 | C63: =Tabela2[[#This Row],[Resistencia]]/Tabela2[[#This Row],[R3_Novo]] -> 2540 | D63: =IF(Tabela2[[#This Row],[% R3_Novo]]<0.85,"Não","Sim") -> Sim | E63: =Estudo_Drive!$S$20 -> 444.88189 | F63: =Tabela2[[#This Row],[Resistencia]]/Tabela2[[#This Row],[R2_Novo]] -> 269.73451 | G63: =IF(Tabela2[[#This Row],[% R2_Novo]]<0.9,"Não","Sim") -> Sim | H63: =Estudo_Drive!$S$24 -> 4448.8189 | I63: =Tabela2[[#This Row],[Resistencia]]/Tabela2[[#This Row],[R1_Novo]] -> 26.973451 | J63: =IF(Tabela2[[#This Row],[% R1_Novo]]<0.9,"Não","Sim") -> Sim | K63: =Estudo_Drive!$S$28 -> 16929.134 | L63: =Tabela2[[#This Row],[Resistencia]]/Tabela2[[#This Row],[Rg_Novo]] -> 7.0883721 | M63: =IF(Tabela2[[#This Row],[% Rg_Novo]]<0.9,"Não","Sim") -> Sim | N63: =Calculo_FlyBack_Simples!$Q$18 -> 6691 | O63: =Tabela2[[#This Row],[Resistencia]]/Tabela2[[#This Row],[R_Snubber]] -> 17.934539 | P63: =IF(Tabela2[[#This Row],[% R_Snubber]]<0.9,"Não","Sim") -> Sim

Sheet Imagens
AB6: =12/680 -> 0.017647059 | AC6: A
AB7: =AB6*1000 -> 17.647059 | AC7: mA
AB9: =15/1000 -> 0.015 | AC9: A
AB10: =AB9*1000 -> 15 | AC10: mA
AB13: =15/38 -> 0.39473684 | AC13: A
AB14: =AB13*1000 -> 394.73684 | AC14: mA
AB17: 1.2 | AC17: V
AB18: 100 | AC18: mA
AB19: =AB18/1000 -> 0.1
AB20: =AB17/AB19 -> 12 | AC20: Ohm
